validation_unit_id,issuer_key,issuer_name,scope_disposition,screen_status,origin_count,source_row_ids,reference_case_id,reference_label,outcome_status,origin_document_ids_missing,current_scope_document_ids
mv_006dcea75bdc,宁波市海曙广聚资产经营有限公司,宁波市海曙广聚资产经营有限公司,eligible,screen_positive_nominal,1,exp5_20260703_0007,,,unknown,0,doc_exp5_20260703_0007_004
mv_0076d521190d,漳州市九龙江集团有限公司,漳州市九龙江集团有限公司,eligible,screened_no_direct_formal_event,1,exp9_20260704_0111,,,unknown,0,doc_exp9_20260704_0111_009
mv_02c9115b037c,西宁城市发展有限公司,西宁城市发展有限公司,eligible,screen_positive_nominal,1,sch_20260630_0041,,,unknown,0,doc_sch_20260630_0041_003
mv_034a759e08bb,厦门夏商集团有限公司,厦门夏商集团有限公司,ineligible,screened_no_direct_formal_event,1,exp9_20260704_0290,,,unknown,0,doc_exp9_20260704_0290_001;doc_exp9_20260704_0290_002
mv_039c3dde77ab,安徽省交通控股集团有限公司,安徽省交通控股集团有限公司,ineligible,screen_positive_nominal,1,sch_20260630_0172,,,unknown,0,web_hkex_anhui_transport_controller
mv_0590d5f9c3fa,北京市政建设集团有限责任公司,北京市政建设集团有限责任公司,eligible,screened_no_direct_formal_event,2,sch_20260630_0150;sch_20260630_0170,,,unknown,0,doc_sch_20260630_0150_006;doc_sch_20260630_0170_009
mv_072dc57cd561,南京高淳国有资产经营控股集团有限公司,南京高淳国有资产经营控股集团有限公司,eligible,screen_positive_nominal,1,sch_20260630_0160,,,unknown,0,doc_sch_20260630_0160_003
mv_098975f6dda7,六盘水市开发投资有限公司,六盘水市开发投资有限公司,eligible,screened_no_direct_formal_event,1,pilot_gz_003,,,unknown,0,doc_gz_lps_kaitou_2016_bond_prospectus
mv_0ba8eaa09fa0,海南高速公路股份有限公司,海南高速公路股份有限公司,ineligible,screen_positive_nominal,1,exp10_20260704_0156,,,unknown,0,doc_exp10_20260704_0156_004
mv_0e2553f13e14,广州越秀集团股份有限公司,广州越秀集团股份有限公司,ineligible,screen_positive_nominal,1,exp9_20260704_0084,,,unknown,0,doc_exp9_20260704_0084_002;doc_exp9_20260704_0084_005
mv_104c380a2e52,淮安市文化旅游集团股份有限公司,淮安市文化旅游集团股份有限公司,eligible,screen_positive_nominal,1,exp5_20260703_0030,,,unknown,0,doc_exp5_20260703_0030_007
mv_14353a22e4cf,盐城东方投资开发集团有限公司,盐城东方投资开发集团有限公司,eligible,screen_positive_nominal,1,exp5_20260703_0034,,,unknown,0,doc_exp5_20260703_0034_004
mv_150f74fe31cf,安徽省宁国建设投资集团有限公司,安徽省宁国建设投资集团有限公司,eligible,screen_positive_nominal,1,sch_20260630_0173,,,unknown,0,doc_sch_20260630_0173_007
mv_159990d28253,重庆市江津区珞璜开发建设有限公司,重庆市江津区珞璜开发建设有限公司,eligible,screen_positive_nominal,1,sch_20260630_0094,,,unknown,0,doc_sch_20260630_0094_001
mv_17100b41e197,南京江宁交通建设集团有限公司,南京江宁交通建设集团有限公司,eligible,screen_positive_nominal,1,sch_20260630_0144,,,unknown,0,doc_sch_20260630_0144_005
mv_17e532a3b4ee,四川省乡村发展集团有限公司,四川省乡村发展集团有限公司,ineligible,screen_positive_nominal,1,sch_20260630_0001,,,unknown,0,doc_sch_20260630_0001_006;doc_sch_20260630_0001_007
mv_18c49cc8c4cc,长沙天心城市发展集团有限公司,长沙天心城市发展集团有限公司,eligible,screen_positive_nominal,1,sch_20260630_0024,,,unknown,0,doc_sch_20260630_0024_009
mv_1d97639f04bd,苏州市轨道交通集团有限公司,苏州市轨道交通集团有限公司,eligible,screen_positive_nominal,1,sch_20260630_0063,,,unknown,0,doc_sch_20260630_0063_002
mv_2547f5fbc2e2,深圳国际控股有限公司,深圳国际控股有限公司,ineligible,screen_positive_nominal,1,exp10_20260704_0013,,,unknown,0,doc_exp10_20260704_0013_006
mv_2643f3f32c31,中国核工业华兴建设有限公司,中国核工业华兴建设有限公司,ineligible,screened_no_direct_formal_event,2,sch_20260630_0156;sch_20260630_0162,,,unknown,0,doc_sch_20260630_0156_001
mv_29bec224b1af,北京首都旅游集团有限责任公司,北京首都旅游集团有限责任公司,ineligible,screened_no_direct_formal_event,1,exp9_20260704_0247,,,unknown,0,doc_exp9_20260704_0247_001
mv_2b1017e1ef59,陕西有色金属控股集团有限责任公司,陕西有色金属控股集团有限责任公司,ineligible,screened_no_direct_formal_event,1,sch_20260630_0039,,,unknown,0,doc_sch_20260630_0039_003
mv_2d4fb850c8e8,江西省国有资本运营控股集团有限公司,江西省国有资本运营控股集团有限公司,ineligible,screen_positive_nominal,1,sch_20260630_0157,,,unknown,0,doc_sch_20260630_0157_002;doc_sch_20260630_0157_008
mv_2ebc0f045324,中交路桥建设有限公司,中交路桥建设有限公司,ineligible,screened_no_direct_formal_event,1,sch_20260630_0105,,,unknown,0,doc_sch_20260630_0105_003
mv_2f9f77975978,北京市燃气集团有限责任公司,北京市燃气集团有限责任公司,ineligible,screened_no_direct_formal_event,1,exp9_20260704_0182,,,unknown,0,doc_exp9_20260704_0182_004
mv_312664814132,广西交通投资集团有限公司,广西交通投资集团有限公司,ineligible,screen_positive_nominal,5,sch_20260630_0128;sch_20260630_0133;sch_20260630_0146;sch_20260630_0158;sch_20260630_0174,,,unknown,0,doc_sch_20260630_0128_005
mv_3134f5ad5182,吉安市井冈山开发区金庐陵经济发展有限公司,吉安市井冈山开发区金庐陵经济发展有限公司,eligible,screened_no_direct_formal_event,1,sch_20260630_0011,,,unknown,0,web_chinamoney_jinluling_2025_rating
mv_31dd4fd107b5,河南交通投资集团有限公司,河南交通投资集团有限公司,ineligible,screen_positive_nominal,1,exp_20260703_0003,,,unknown,0,doc_exp_20260703_0003_007
mv_32559fdf4bd7,贵阳市城市发展投资集团股份有限公司,贵阳市城市发展投资集团股份有限公司,ineligible,screened_no_direct_formal_event,1,pilot_gz_001_alt_chengfa,,,unknown,1,web_chinamoney_guizhou_expressway_2024_base
mv_32814f16ef6f,中煤矿山建设集团有限责任公司,中煤矿山建设集团有限责任公司,ineligible,screen_positive_nominal,1,sch_20260630_0061,,,unknown,0,doc_sch_20260630_0061_008
mv_337bebdb56b3,广西投资集团金融控股有限公司,广西投资集团金融控股有限公司,ineligible,screen_positive_nominal,1,sch_20260630_0026,,,unknown,0,doc_sch_20260630_0026_009
mv_337e721d68ed,青岛胶州湾发展集团有限公司,青岛胶州湾发展集团有限公司,eligible,screen_positive_nominal,1,sch_20260630_0145,,,unknown,0,doc_sch_20260630_0145_004
mv_339f72153d34,重庆市江津区滨江新城开发建设集团有限公司,重庆市江津区滨江新城开发建设集团有限公司,eligible,screen_positive_nominal,1,sch_20260630_0167,,,unknown,0,doc_sch_20260630_0167_006
mv_3425e0da3953,陕西交通控股集团有限公司,陕西交通控股集团有限公司,ineligible,screen_positive_nominal,1,sch_20260630_0034,,,unknown,0,doc_sch_20260630_0034_004
mv_349e0a09a9ca,贵州高速公路集团有限公司,贵州高速公路集团有限公司,ineligible,screen_positive_nominal,1,exp10_20260704_0071,,,unknown,0,doc_exp10_20260704_0071_006
mv_35577ffe2ec5,遵义道桥建设集团有限公司,遵义道桥建设集团有限公司,eligible,screened_no_direct_formal_event,1,pilot_gz_002,,,unknown,0,doc_gz_zy_daoqiao_2015_bond_prospectus;web_csrc_zunyi_daoqiao_current_name
mv_3707ecbfb1f2,临沂投资发展集团有限公司,临沂投资发展集团有限公司,eligible,screened_no_direct_formal_event,1,sch_20260630_0040,,,unknown,0,web_chinamoney_linyi_2026_rating;web_linyi_sasac_profile
mv_376b84e910d7,上海静安置业集团有限公司,上海静安置业(集团)有限公司,eligible,screen_positive_nominal,1,exp9_20260704_0183,,,unknown,0,doc_exp9_20260704_0183_005;doc_exp9_20260704_0183_008
mv_3b9c491fbf5a,扬州建工控股集团有限公司,扬州建工控股集团有限公司,ineligible,screen_positive_nominal,1,sch_20260630_0149,,,unknown,0,doc_sch_20260630_0149_002
mv_3c17f10ab84f,北控水务集团有限公司,北控水务集团有限公司,eligible,screened_no_direct_formal_event,1,exp2_20260703_0002,,,unknown,0,doc_exp2_20260703_0002_009
mv_3d109f7a463f,无锡市国联发展集团有限公司,无锡市国联发展(集团)有限公司,ineligible,screen_positive_nominal,4,sch_20260630_0022;sch_20260630_0067;sch_20260630_0103;sch_20260630_0104,,,unknown,0,doc_sch_20260630_0022_003
mv_457ad56917e5,江苏省国信集团有限公司,江苏省国信集团有限公司,ineligible,screen_positive_nominal,1,exp9_20260704_0141,,,unknown,0,doc_exp9_20260704_0141_007
mv_461cc47ac7bb,中国交通建设股份有限公司,中国交通建设股份有限公司,ineligible,screened_no_direct_formal_event,2,sch_20260630_0086;sch_20260630_0092,,,unknown,0,doc_sch_20260630_0086_004
mv_46a8889cdc37,青岛国信发展集团有限责任公司,青岛国信发展(集团)有限责任公司,eligible,screen_positive_nominal,1,exp8_20260703_0017,,,unknown,0,doc_exp8_20260703_0017_003
mv_46f0d1b309fc,乌鲁木齐交通旅游投资集团有限公司,乌鲁木齐交通旅游投资(集团)有限公司,eligible,screen_positive_nominal,1,sch_20260630_0127,,,unknown,0,doc_sch_20260630_0127_002
mv_48ea3687a4e1,南京溧水经济技术开发集团有限公司,南京溧水经济技术开发集团有限公司,eligible,screen_positive_nominal,1,exp8_20260703_0042,,,unknown,0,doc_exp8_20260703_0042_004
mv_4aa0191176be,湖北楚天智能交通股份有限公司,湖北楚天智能交通股份有限公司,ineligible,screen_positive_nominal,1,exp10_20260704_0192,,,unknown,0,doc_exp10_20260704_0192_002
mv_4f02e2b3b4ef,南京江宁经济技术开发集团有限公司,南京江宁经济技术开发集团有限公司,eligible,screen_positive_nominal,1,exp8_20260703_0037,,,unknown,0,doc_exp8_20260703_0037_007
mv_4f36112eaaff,南京牛首山文化旅游集团有限公司,南京牛首山文化旅游集团有限公司,eligible,screen_positive_nominal,1,exp5_20260703_0025,,,unknown,0,doc_exp5_20260703_0025_007
mv_5215e4bcae63,江苏省农垦集团有限公司,江苏省农垦集团有限公司,ineligible,screened_no_direct_formal_event,1,exp9_20260704_0127,,,unknown,0,doc_exp9_20260704_0127_001;doc_exp9_20260704_0127_005
mv_53174ffb0af6,云南机场集团有限责任公司,云南机场集团有限责任公司,ineligible,screened_no_direct_formal_event,1,exp9_20260704_0152,,,unknown,0,doc_exp9_20260704_0152_003;doc_exp9_20260704_0152_009
mv_56827a9bfe9b,四川华西集团有限公司,四川华西集团有限公司,ineligible,screen_positive_nominal,1,exp10_20260704_0268,,,unknown,0,doc_exp10_20260704_0268_001
mv_588a5cfdd852,中国平煤神马控股集团有限公司,中国平煤神马控股集团有限公司,ineligible,screened_no_direct_formal_event,2,sch_20260630_0109;sch_20260630_0161,,,unknown,0,doc_sch_20260630_0109_008;doc_sch_20260630_0161_008
mv_58bf202441a9,深圳市地铁集团有限公司,深圳市地铁集团有限公司,eligible,screen_positive_nominal,1,exp8_20260703_0009,,,unknown,0,doc_exp8_20260703_0009_003
mv_5d511bd5ada9,浙江荣盛控股集团有限公司,浙江荣盛控股集团有限公司,ineligible,screened_no_direct_formal_event,1,sch_20260630_0131,,,unknown,0,doc_sch_20260630_0131_019
mv_5e15d9346287,南通产业控股集团有限公司,南通产业控股集团有限公司,eligible,screen_positive_nominal,1,sch_20260630_0074,,,unknown,0,doc_sch_20260630_0074_002
mv_667c8eece2e6,天津北辰经济技术开发区集团有限公司,天津北辰经济技术开发区集团有限公司,eligible,screen_positive_nominal,1,sch_20260630_0134,,,unknown,0,doc_sch_20260630_0134_009
mv_6773afeaec17,湖北荆门城建集团有限公司,湖北荆门城建集团有限公司,eligible,screen_positive_nominal,1,sch_20260630_0110,,,unknown,0,doc_sch_20260630_0110_001
mv_678a404468ae,太原市龙城发展投资集团有限公司,太原市龙城发展投资集团有限公司,eligible,screen_positive_nominal,1,sch_20260630_0139,,,unknown,0,doc_sch_20260630_0139_005
mv_69372ce07808,淮安市国有联合投资发展集团有限公司,淮安市国有联合投资发展集团有限公司,eligible,screen_positive_nominal,1,sch_20260630_0010,,,unknown,0,doc_sch_20260630_0010_006
mv_6bdc75acec44,振石控股集团有限公司,振石控股集团有限公司,ineligible,screened_no_direct_formal_event,1,sch_20260630_0081,,,unknown,0,doc_sch_20260630_0081_004
mv_6c405c7c4748,山东金曰交通发展集团有限公司,山东金曰交通发展集团有限公司,ineligible,screened_no_direct_formal_event,1,sch_20260630_0012,,,unknown,0,doc_sch_20260630_0012_012
mv_707d013abcbe,青海省国有资产投资管理有限公司,青海省国有资产投资管理有限公司,ineligible,screened_no_direct_formal_event,2,exp3_20260703_0006;sch_20260630_0114,,,unknown,0,doc_exp3_20260703_0006_001;doc_sch_20260630_0114_001
mv_71e01e61d2da,晋江市国有资本投资运营有限责任公司,晋江市国有资本投资运营有限责任公司,eligible,screen_positive_nominal,1,exp_20260703_0007,,,unknown,0,doc_exp_20260703_0007_003
mv_7720bd7c9489,青海省能源发展集团有限责任公司,青海省能源发展(集团)有限责任公司,ineligible,screened_no_direct_formal_event,1,sch_20260630_0120,,,unknown,0,doc_sch_20260630_0120_008
mv_7964f4b4fada,如皋市经济贸易开发有限公司,如皋市经济贸易开发有限公司,eligible,screen_positive_nominal,1,exp9_20260704_0035,,,unknown,0,doc_exp9_20260704_0035_005
mv_7c33183335cb,武汉光谷金融控股集团有限公司,武汉光谷金融控股集团有限公司,eligible,screen_positive_nominal,1,sch_20260630_0009,,,unknown,0,doc_sch_20260630_0009_007
mv_7f37b3c6b3b7,常州市城市建设集团有限公司,常州市城市建设(集团)有限公司,eligible,screen_positive_nominal,1,exp3_20260703_0018,,,unknown,0,doc_exp3_20260703_0018_001
mv_81aed909eaf3,新疆水利发展投资集团有限公司,新疆水利发展投资(集团)有限公司,ineligible,screened_no_direct_formal_event,1,sch_20260630_0088,,,unknown,0,doc_sch_20260630_0088_005
mv_83fa1cb2dc9e,温州市交通运输集团有限公司,温州市交通运输集团有限公司,ineligible,screen_positive_nominal,1,sch_20260630_0066,,,unknown,0,doc_sch_20260630_0066_003
mv_8508178f07a5,山东泉汇产业发展有限公司,山东泉汇产业发展有限公司,eligible,screen_positive_nominal,1,exp5_20260703_0001,,,unknown,0,doc_exp5_20260703_0001_009
mv_8587415ef74c,甘肃能源化工投资集团有限公司,甘肃能源化工投资集团有限公司,ineligible,screened_no_direct_formal_event,1,sch_20260630_0023,,,unknown,0,doc_sch_20260630_0023_001
mv_85b2849afad8,厦门金圆投资集团有限公司,厦门金圆投资集团有限公司,ineligible,screen_positive_nominal,1,sch_20260630_0004,,,unknown,0,doc_sch_20260630_0004_011
mv_8c56f4ed9aa0,广州交通投资集团有限公司,广州交通投资集团有限公司,eligible,screen_positive_nominal,1,exp_20260703_0002,,,unknown,0,doc_exp_20260703_0002_005;doc_exp_20260703_0002_006;web_gz_gov_guangzhou_transport_profile
mv_929687b00137,东莞市交通投资控股集团有限公司,东莞市交通投资控股集团有限公司,eligible,screened_no_direct_formal_event,1,sch_20260630_0099,,,unknown,0,doc_sch_20260630_0099_006
mv_940b87861065,深圳市东阳光实业发展有限公司,深圳市东阳光实业发展有限公司,ineligible,screened_no_direct_formal_event,1,sch_20260630_0135,,,unknown,0,doc_sch_20260630_0135_010
mv_9613923f775d,黄山旅游集团有限公司,黄山旅游集团有限公司,ineligible,screen_positive_nominal,1,exp8_20260703_0250,,,unknown,0,doc_exp8_20260703_0250_011
mv_974b8c867433,无锡市高新区创业投资控股集团有限公司,无锡市高新区创业投资控股集团有限公司,ineligible,screen_positive_nominal,1,sch_20260630_0059,,,unknown,0,doc_sch_20260630_0059_004
mv_976b6b4ba9e3,宁波市镇海投资有限公司,宁波市镇海投资有限公司,eligible,screen_positive_nominal,1,exp8_20260703_0163,,,unknown,0,doc_exp8_20260703_0163_006
mv_982774a1383c,江苏交通控股有限公司,江苏交通控股有限公司,ineligible,screen_positive_nominal,1,sch_20260630_0098,,,unknown,0,doc_sch_20260630_0098_006
mv_989edd5e627b,天津国有资本投资运营有限公司,天津国有资本投资运营有限公司,ineligible,screen_positive_nominal,1,exp_20260703_0005,,,unknown,0,doc_exp_20260703_0005_010
mv_9dca36320cb2,泉州交通发展集团有限责任公司,泉州交通发展集团有限责任公司,eligible,screen_positive_nominal,3,exp4_20260703_0009;sch_20260630_0050;sch_20260630_0106,,,unknown,0,doc_exp4_20260703_0009_006
mv_a1ed5dac069a,山西交通控股集团有限公司,山西交通控股集团有限公司,ineligible,screen_positive_nominal,1,sch_20260630_0062,,,unknown,0,doc_sch_20260630_0062_002
mv_a48e56f0f316,福州市城乡建总集团有限公司,福州市城乡建总集团有限公司,eligible,screen_positive_nominal,1,exp6_20260703_0039,,,unknown,0,doc_exp6_20260703_0039_002
mv_a52ab8f6ce4b,广州产业投资控股集团有限公司,广州产业投资控股集团有限公司,eligible,screened_no_direct_formal_event,2,exp_20260703_0021;exp_20260703_0022,,,unknown,0,doc_exp_20260703_0021_003;doc_exp_20260703_0021_005;web_gz_gov_guangzhou_industry_profile
mv_a604d5021839,保利久联控股集团有限责任公司,保利久联控股集团有限责任公司,ineligible,screened_no_direct_formal_event,1,sch_20260630_0107,,,unknown,0,doc_sch_20260630_0107_006
mv_a6965306ca00,江西省交通投资集团有限责任公司,江西省交通投资集团有限责任公司,ineligible,screened_no_direct_formal_event,1,sch_20260630_0087,,,unknown,0,doc_sch_20260630_0087_011
mv_a84c738293b5,广东省铁路建设投资集团有限公司,广东省铁路建设投资集团有限公司,ineligible,screen_positive_nominal,1,sch_20260630_0065,,,unknown,0,doc_sch_20260630_0065_001;doc_sch_20260630_0065_004
mv_ac8f4189135f,苏州苏高新集团有限公司,苏州苏高新集团有限公司,eligible,screen_positive_nominal,1,exp8_20260703_0212,,,unknown,0,doc_exp8_20260703_0212_005
mv_aef21d6695b2,南通城市建设集团有限公司,南通城市建设集团有限公司,eligible,screen_positive_nominal,1,sch_20260630_0089,,,unknown,0,doc_sch_20260630_0089_002
mv_b08ea3f69614,成都产业投资集团有限公司,成都产业投资集团有限公司,eligible,screen_positive_nominal,1,exp_20260703_0004,,,unknown,0,doc_exp_20260703_0004_006
mv_b14a65482fac,西部重庆科学城江津园区开发建设集团有限公司,西部(重庆)科学城江津园区开发建设集团有限公司,eligible,screen_positive_nominal,1,sch_20260630_0168,,,unknown,0,doc_sch_20260630_0168_006
mv_b2459f067a2b,新乡投资集团有限公司,新乡投资集团有限公司,eligible,screen_positive_nominal,1,sch_20260630_0159,,,unknown,0,doc_sch_20260630_0159_004
mv_b6a587c44bcf,北京亦庄国际投资发展有限公司,北京亦庄国际投资发展有限公司,ineligible,screen_positive_nominal,2,exp2_20260703_0022;exp2_20260703_0023,,,unknown,0,doc_exp2_20260703_0022_003
mv_b7aabd80bf01,北京首都国际机场股份有限公司,北京首都国际机场股份有限公司,ineligible,screened_no_direct_formal_event,1,exp10_20260704_0117,,,unknown,0,doc_exp10_20260704_0117_006
mv_bb6767462e60,北京电子控股有限责任公司,北京电子控股有限责任公司,ineligible,screen_positive_nominal,1,exp9_20260704_0193,,,unknown,0,doc_exp9_20260704_0193_007
mv_bbc98d5aa00c,深圳市特区建设发展集团有限公司,深圳市特区建设发展集团有限公司,eligible,screen_positive_nominal,1,pilot_gd_002,,,unknown,0,doc_gd_sz_tqjf_2025_mtn4_001;web_shenzhen_sasac_special_zone_development_20260910
mv_bbe1de049afe,重庆市永川区惠通建设发展有限公司,重庆市永川区惠通建设发展有限公司,eligible,screen_positive_nominal,2,sch_20260630_0119;sch_20260630_0126,,,unknown,0,doc_sch_20260630_0119_002
mv_bc03f7b73c72,河南创新投资集团有限公司,河南创新投资集团有限公司,ineligible,screen_positive_nominal,1,sch_20260630_0036,,,unknown,0,doc_sch_20260630_0036_008
mv_bc74862def53,温州市工业与能源发展集团有限公司,温州市工业与能源发展集团有限公司,eligible,screen_positive_nominal,2,sch_20260630_0031;sch_20260630_0095,,,unknown,0,doc_sch_20260630_0031_005
mv_bcd266fddc3d,昆明市土地开发投资经营有限责任公司,昆明市土地开发投资经营有限责任公司,eligible,screen_positive_nominal,1,exp2_20260703_0018,,,unknown,0,doc_exp2_20260703_0018_004
mv_bce7a88198f3,荆门高新技术产业开发有限责任公司,荆门高新技术产业开发有限责任公司,eligible,screen_positive_nominal,1,exp8_20260703_0087,,,unknown,0,doc_exp8_20260703_0087_004
mv_bf399debd218,宁波文旅会展集团有限公司,宁波文旅会展集团有限公司,ineligible,screen_positive_nominal,1,exp2_20260703_0021,,,unknown,0,doc_exp2_20260703_0021_005
mv_c1765fa7ea29,天津市武清区国有资产经营投资有限公司,天津市武清区国有资产经营投资有限公司,eligible,screen_positive_nominal,1,exp4_20260703_0027,,,unknown,0,doc_exp4_20260703_0027_010
mv_c220d4cfb824,鹰潭市国有控股集团有限公司,鹰潭市国有控股集团有限公司,eligible,screen_positive_nominal,1,exp8_20260703_0021,,,unknown,0,doc_exp8_20260703_0021_003;doc_exp8_20260703_0021_004
mv_c4af6b64ad69,珠海港控股集团有限公司,珠海港控股集团有限公司,ineligible,screened_no_direct_formal_event,2,sch_20260630_0003;sch_20260630_0070,,,unknown,0,doc_sch_20260630_0003_003;doc_sch_20260630_0003_007
mv_c683a307d980,合肥北城建设投资集团有限公司,合肥北城建设投资(集团)有限公司,eligible,screen_positive_nominal,1,sch_20260630_0125,,,unknown,0,doc_sch_20260630_0125_001;doc_sch_20260630_0125_003
mv_c9485f13755e,江苏龙城国有控股集团有限公司,江苏龙城国有控股集团有限公司,eligible,screen_positive_nominal,1,exp8_20260703_0012,,,unknown,0,doc_exp8_20260703_0012_004
mv_cb6de4da7e0b,淮河能源控股集团有限责任公司,淮河能源控股集团有限责任公司,ineligible,screen_positive_nominal,1,sch_20260630_0018,,,unknown,0,doc_sch_20260630_0018_001;doc_sch_20260630_0018_002
mv_ce9b4a51f177,广西国控资本运营集团有限责任公司,广西国控资本运营集团有限责任公司,ineligible,screen_positive_nominal,2,exp4_20260703_0049;exp4_20260703_0051,,,unknown,0,doc_exp4_20260703_0049_008
mv_cf9e6f71a930,伊犁哈萨克自治州财通国有资产经营有限责任公司,伊犁哈萨克自治州财通国有资产经营有限责任公司,eligible,screen_positive_nominal,1,exp4_20260703_0013,,,unknown,0,doc_exp4_20260703_0013_005
mv_d0781141b04d,山东高速集团有限公司,山东高速集团有限公司,ineligible,screen_positive_nominal,1,exp10_20260704_0236,,,unknown,0,doc_exp10_20260704_0236_003
mv_d84cf8be0bd1,湖北能源集团股份有限公司,湖北能源集团股份有限公司,ineligible,screened_no_direct_formal_event,1,exp10_20260704_0301,,,unknown,0,doc_exp10_20260704_0301_005
mv_dc10a1d093cf,山西建设投资集团有限公司,山西建设投资集团有限公司,ineligible,screen_positive_nominal,1,sch_20260630_0101,,,unknown,0,doc_sch_20260630_0101_008;web_sse_shanxi_construction_2025_annual
mv_dd32227a7cc7,北京市海淀区国有资本运营有限公司,北京市海淀区国有资本运营有限公司,eligible,screen_positive_nominal,2,exp_20260703_0015;exp_20260703_0018,,,unknown,0,doc_exp_20260703_0015_008
mv_dd84e076bf32,贵阳市交通运营集团有限公司,贵阳市交通运营集团有限公司,eligible,screened_no_direct_formal_event,1,pilot_gz_001_alt_rail,,,unknown,1,web_guiyang_2022_midyear_bond_report
mv_dda0f3c66afa,爱尔医疗投资集团有限公司,爱尔医疗投资集团有限公司,ineligible,screened_no_direct_formal_event,1,sch_20260630_0084,,,unknown,0,doc_sch_20260630_0084_005
mv_dea7fe1c1704,台州市椒江区社会事业发展集团有限公司,台州市椒江区社会事业发展集团有限公司,eligible,screen_positive_nominal,1,exp5_20260703_0004,,,unknown,0,doc_exp5_20260703_0004_008
mv_df87c57ef59b,湖南省高速公路集团有限公司,湖南省高速公路集团有限公司,ineligible,screen_positive_nominal,1,exp10_20260704_0064,,,unknown,0,doc_exp10_20260704_0064_007
mv_e26edfa3bada,宜昌城发实业投资有限公司,宜昌城发实业投资有限公司,ineligible,screen_positive_nominal,1,sch_20260630_0071,,,unknown,0,doc_sch_20260630_0071_008
mv_e2b7b3bbc9d5,义乌中国小商品城控股集团有限公司,义乌中国小商品城控股集团有限公司,ineligible,screen_positive_nominal,1,sch_20260630_0078,,,unknown,0,doc_sch_20260630_0078_004
mv_e4cd1cefc02b,扬州新材料投资集团有限公司,扬州新材料投资集团有限公司,eligible,screen_positive_nominal,1,sch_20260630_0121,,,unknown,0,doc_sch_20260630_0121_005
mv_e6fd4cae85c0,太仓娄城高新集团有限公司,太仓娄城高新集团有限公司,eligible,screen_positive_nominal,1,exp8_20260703_0004,,,unknown,0,doc_exp8_20260703_0004_004
mv_e94895dfa190,淮北市建投控股集团有限公司,淮北市建投控股集团有限公司,eligible,screen_positive_nominal,1,exp6_20260703_0005,,,unknown,0,doc_exp6_20260703_0005_006
mv_ea3d4bb7e80e,苏州市相城市政建设投资集团有限公司,苏州市相城市政建设投资(集团)有限公司,eligible,screen_positive_nominal,1,exp6_20260703_0025,,,unknown,0,doc_exp6_20260703_0025_004
mv_ed1f2e005d13,淮安新城投资开发集团有限公司,淮安新城投资开发集团有限公司,eligible,screen_positive_nominal,1,exp2_20260703_0003,,,unknown,0,doc_exp2_20260703_0003_005
mv_ed36cca33747,山西路桥建设集团有限公司,山西路桥建设集团有限公司,ineligible,screen_positive_nominal,1,sch_20260630_0030,,,unknown,0,doc_sch_20260630_0030_005;doc_sch_20260630_0030_010
mv_f26b7d84a6c5,南京江宁科学园发展集团有限公司,南京江宁科学园发展集团有限公司,eligible,screen_positive_nominal,1,sch_20260630_0075,,,unknown,0,doc_sch_20260630_0075_003
mv_f28cc439afa7,镇江文化广电产业集团有限公司,镇江文化广电产业集团有限公司,ineligible,screen_positive_nominal,1,exp8_20260703_0034,,,unknown,0,doc_exp8_20260703_0034_005
mv_f442cd327364,陕西建工控股集团有限公司,陕西建工控股集团有限公司,ineligible,screen_positive_nominal,4,sch_20260630_0072;sch_20260630_0123;sch_20260630_0153;sch_20260630_0171,,,unknown,0,doc_sch_20260630_0072_007
mv_fa27aec421d1,无锡华光环保能源集团股份有限公司,无锡华光环保能源集团股份有限公司,ineligible,screen_positive_nominal,1,exp9_20260704_0230,,,unknown,0,doc_exp9_20260704_0230_001;doc_exp9_20260704_0230_007
mv_fd4d75a3cfd7,江苏省广播电视集团有限公司,江苏省广播电视集团有限公司,ineligible,screened_no_direct_formal_event,1,exp9_20260704_0215,,,unknown,0,doc_exp9_20260704_0215_003
mv_fdbd697a93bc,镇江文化旅游产业集团有限责任公司,镇江文化旅游产业集团有限责任公司,eligible,screen_positive_nominal,1,exp8_20260703_0088,,,unknown,0,doc_exp8_20260703_0088_004;doc_exp8_20260703_0088_007
