issuer_key,issuer_name,screen_label,disclosure_count,source_row_ids,pool_ids,reference_case_id,reference_label,outcome_status,source_supported_documents,reference_official_exit_year,reference_official_exit_event,reference_case_in_screen_source_rows,shared_reference_screen_document_ids,event_time_alignment,independent_same_event_pairing
上海静安置业集团有限公司,上海静安置业(集团)有限公司,nominal_exit,1,exp9_20260704_0183,harvest_0233,,,unknown,doc_exp9_20260704_0183_003;doc_exp9_20260704_0183_005;doc_exp9_20260704_0183_006;doc_exp9_20260704_0183_008,,,false,,no_reference_link,not_established
上饶创新发展产业投资集团有限公司,上饶创新发展产业投资集团有限公司,nominal_exit,1,sch_20260630_0055,harvest_0055,sch_20260630_0055,nominal_exit,known,doc_sch_20260630_0055_001;doc_sch_20260630_0055_002;doc_sch_20260630_0055_003;doc_sch_20260630_0055_005;doc_sch_20260630_0055_006;doc_sch_20260630_0055_007,2015,Prospectus and legal-opinion disclosures state that the issuer does not undertake government financing functions and that new debt after January 1 2015 is not local-government debt; the local state acts only as shareholder with limited liability.,true,doc_sch_20260630_0055_001;doc_sch_20260630_0055_006;doc_sch_20260630_0055_007,not_established,not_established
上饶市城市建设投资开发集团有限公司,上饶市城市建设投资开发集团有限公司,nominal_exit,1,sch_20260630_0136,harvest_0136,expand_jx_shangrao_chengtou,nominal_exit,known,doc_sch_20260630_0136_001;doc_sch_20260630_0136_002;doc_sch_20260630_0136_003;doc_sch_20260630_0136_004;doc_sch_20260630_0136_006;doc_sch_20260630_0136_007,2015,Prospectus and legal-opinion disclosures state that the issuer does not undertake government financing functions after January 1 2015 and that the issue will not increase government or hidden debt.,false,,not_established,not_established
中煤矿山建设集团有限责任公司,中煤矿山建设集团有限责任公司,nominal_exit,1,sch_20260630_0061,harvest_0061,,,unknown,doc_sch_20260630_0061_005;doc_sch_20260630_0061_006;doc_sch_20260630_0061_008,,,false,,no_reference_link,not_established
临沂城市建设投资集团有限公司,临沂城市建设投资集团有限公司,nominal_exit,2,sch_20260630_0115;sch_20260630_0154,harvest_0115;harvest_0154,expand_sd_linyi_chengtou,nominal_exit,known,doc_sch_20260630_0115_004;doc_sch_20260630_0115_005;doc_sch_20260630_0115_006;doc_sch_20260630_0115_008;doc_sch_20260630_0154_001;doc_sch_20260630_0154_006;doc_sch_20260630_0154_007;doc_sch_20260630_0154_008;doc_sch_20260630_0154_009,2015,Prospectus states that the government gradually stripped the issuer's government financing function and that debts requiring government responsibility were replaced or arranged; the issue also states that it will not increase government or hidden debt and will not be directly repaid by fiscal funds.,false,,not_established,not_established
丹阳投资集团有限公司,丹阳投资集团有限公司,nominal_exit,1,sch_20260630_0044,harvest_0044,sch_20260630_0044,nominal_exit,known,doc_sch_20260630_0044_003;doc_sch_20260630_0044_004;doc_sch_20260630_0044_006;doc_sch_20260630_0044_008;doc_sch_20260630_0044_009,2015,Issuer disclosure states that the company does not undertake government financing functions and that debt newly incurred since January 1 2015 is not local-government debt.,true,doc_sch_20260630_0044_003;doc_sch_20260630_0044_004,not_established,not_established
义乌中国小商品城控股集团有限公司,义乌中国小商品城控股集团有限公司,nominal_exit,1,sch_20260630_0078,harvest_0078,,,unknown,doc_sch_20260630_0078_004;doc_sch_20260630_0078_006;doc_sch_20260630_0078_007,,,false,,no_reference_link,not_established
乌鲁木齐交通旅游投资集团有限公司,乌鲁木齐交通旅游投资(集团)有限公司,nominal_exit,1,sch_20260630_0127,harvest_0127,,,unknown,doc_sch_20260630_0127_001;doc_sch_20260630_0127_002;doc_sch_20260630_0127_003;doc_sch_20260630_0127_005,,,false,,no_reference_link,not_established
乐山国有资产投资运营集团有限公司,乐山国有资产投资运营(集团)有限公司,nominal_exit,2,sch_20260630_0082;sch_20260630_0147,harvest_0082;harvest_0147,expand_sc_leshan_guozi,nominal_exit,known,doc_sch_20260630_0082_001;doc_sch_20260630_0082_002;doc_sch_20260630_0082_003;doc_sch_20260630_0082_004;doc_sch_20260630_0082_007;doc_sch_20260630_0147_001;doc_sch_20260630_0147_002;doc_sch_20260630_0147_003;doc_sch_20260630_0147_004;doc_sch_20260630_0147_007,2011,Prospectus disclosures state that the issuer was transferred out of the local government financing platform customer list by a 2011 Sichuan CBRC notice and was managed as a rectified general-company loan customer; later disclosures state that it does not undertake government financing functions after January 1 2015.,false,,not_established,not_established
亳州城建发展控股集团有限公司,亳州城建发展控股集团有限公司,nominal_exit,2,sch_20260630_0032;sch_20260630_0152,harvest_0032;harvest_0152,sch_20260630_0032,nominal_exit,known,doc_sch_20260630_0032_001;doc_sch_20260630_0032_004;doc_sch_20260630_0032_007;doc_sch_20260630_0032_008;doc_sch_20260630_0152_003;doc_sch_20260630_0152_004;doc_sch_20260630_0152_005,2015,Legal opinion states that the company does not undertake government financing functions and that debt newly incurred since January 1 2015 is not local-government debt.,true,doc_sch_20260630_0032_008,not_established,not_established
伊犁哈萨克自治州财通国有资产经营有限责任公司,伊犁哈萨克自治州财通国有资产经营有限责任公司,nominal_exit,1,exp4_20260703_0013,harvest_0200,,,unknown,doc_exp4_20260703_0013_001;doc_exp4_20260703_0013_002;doc_exp4_20260703_0013_004;doc_exp4_20260703_0013_005;doc_exp4_20260703_0013_006,,,false,,no_reference_link,not_established
伊犁州国有资产投资经营有限责任公司,伊犁州国有资产投资经营有限责任公司,nominal_exit,2,sch_20260630_0117;sch_20260630_0169,harvest_0117;harvest_0169,sch_20260630_0117,nominal_exit,known,doc_sch_20260630_0117_001;doc_sch_20260630_0117_005;doc_sch_20260630_0117_006;doc_sch_20260630_0169_002;doc_sch_20260630_0169_004;doc_sch_20260630_0169_005,2015,"Prospectus disclosures state that the issuer had been transferred out of the banking-regulator local government financing platform list, had been included in the 2013 national government-debt audit platform-company scope, and does not undertake government financing functions after January 1 2015.",true,doc_sch_20260630_0117_005;doc_sch_20260630_0169_002,not_established,not_established
六安城市建设投资有限公司,六安城市建设投资有限公司,nominal_exit,1,sch_20260630_0090,harvest_0090,expand_ah_luan_chengtou,nominal_exit,known,doc_sch_20260630_0090_001;doc_sch_20260630_0090_005;doc_sch_20260630_0090_006;doc_sch_20260630_0090_007,2015,Legal opinion states that after the post-2012 policy shift the issuer no longer participates in BT projects and does not undertake government financing functions; current issuance documents also state that the issue will not increase government or hidden debt.,false,,not_established,not_established
北京亦庄国际投资发展有限公司,北京亦庄国际投资发展有限公司,nominal_exit,2,exp2_20260703_0022;exp2_20260703_0023,harvest_0195;harvest_0196,,,unknown,doc_exp2_20260703_0022_001;doc_exp2_20260703_0022_002;doc_exp2_20260703_0022_003;doc_exp2_20260703_0023_001;doc_exp2_20260703_0023_003;doc_exp2_20260703_0023_005,,,false,,no_reference_link,not_established
北京市海淀区国有资本运营有限公司,北京市海淀区国有资本运营有限公司,nominal_exit,2,exp_20260703_0015;exp_20260703_0018,harvest_0183;harvest_0184,,,unknown,doc_exp_20260703_0015_001;doc_exp_20260703_0015_002;doc_exp_20260703_0015_005;doc_exp_20260703_0015_006;doc_exp_20260703_0015_007;doc_exp_20260703_0015_008;doc_exp_20260703_0018_001;doc_exp_20260703_0018_002;doc_exp_20260703_0018_004;doc_exp_20260703_0018_005;doc_exp_20260703_0018_006;doc_exp_20260703_0018_010,,,false,,no_reference_link,not_established
北京未来科学城发展集团有限公司,北京未来科学城发展集团有限公司,nominal_exit,1,sch_20260630_0051,harvest_0051,sch_20260630_0051,nominal_exit,known,doc_sch_20260630_0051_001;doc_sch_20260630_0051_002;doc_sch_20260630_0051_003;doc_sch_20260630_0051_005;doc_sch_20260630_0051_006,2015,"Prospectus and legal-opinion disclosures state that the issuer does not undertake government financing functions, that new debt after January 1 2015 is not local-government debt, and that the current project-revenue note will not add local-government or hidden debt.",true,doc_sch_20260630_0051_001;doc_sch_20260630_0051_003;doc_sch_20260630_0051_005,not_established,not_established
北京电子控股有限责任公司,北京电子控股有限责任公司,nominal_exit,1,exp9_20260704_0193,harvest_0234,,,unknown,doc_exp9_20260704_0193_007;doc_exp9_20260704_0193_008,,,false,,no_reference_link,not_established
南京市交通建设投资控股集团有限责任公司,南京市交通建设投资控股(集团)有限责任公司,nominal_exit,1,sch_20260630_0052,harvest_0052,sch_20260630_0052,nominal_exit,known,doc_sch_20260630_0052_001;doc_sch_20260630_0052_002;doc_sch_20260630_0052_004;doc_sch_20260630_0052_005;doc_sch_20260630_0052_006;doc_sch_20260630_0052_007;doc_sch_20260630_0052_008;doc_sch_20260630_0052_009,2015,"Prospectus and legal-opinion disclosures state that the issuer does not undertake government financing functions, that new debt after January 1 2015 is not local-government debt, and that the local state acts only as shareholder with limited liability.",true,doc_sch_20260630_0052_001;doc_sch_20260630_0052_007;doc_sch_20260630_0052_008,not_established,not_established
南京江北新城投资发展有限公司,南京江北新城投资发展有限公司,nominal_exit,2,exp2_20260703_0009;exp2_20260703_0010,harvest_0191;harvest_0192,exp2_20260703_0009,nominal_exit,known,doc_exp2_20260703_0009_006;doc_exp2_20260703_0009_007;doc_exp2_20260703_0010_003;doc_exp2_20260703_0010_007,2015,Issuer disclosure states that the company does not undertake government financing functions and that debt newly incurred since January 1 2015 is not local-government debt.,true,doc_exp2_20260703_0009_006;doc_exp2_20260703_0009_007,not_established,not_established
南京江宁交通建设集团有限公司,南京江宁交通建设集团有限公司,nominal_exit,1,sch_20260630_0144,harvest_0144,,,unknown,doc_sch_20260630_0144_001;doc_sch_20260630_0144_002;doc_sch_20260630_0144_003;doc_sch_20260630_0144_005,,,false,,no_reference_link,not_established
南京江宁科学园发展集团有限公司,南京江宁科学园发展集团有限公司,nominal_exit,1,sch_20260630_0075,harvest_0075,,,unknown,doc_sch_20260630_0075_002;doc_sch_20260630_0075_003;doc_sch_20260630_0075_004;doc_sch_20260630_0075_005;doc_sch_20260630_0075_006,,,false,,no_reference_link,not_established
南京江宁经济技术开发集团有限公司,南京江宁经济技术开发集团有限公司,nominal_exit,1,exp8_20260703_0037,harvest_0219,,,unknown,doc_exp8_20260703_0037_006;doc_exp8_20260703_0037_007,,,false,,no_reference_link,not_established
南京溧水经济技术开发集团有限公司,南京溧水经济技术开发集团有限公司,nominal_exit,1,exp8_20260703_0042,harvest_0220,,,unknown,doc_exp8_20260703_0042_004;doc_exp8_20260703_0042_006,,,false,,no_reference_link,not_established
南京牛首山文化旅游集团有限公司,南京牛首山文化旅游集团有限公司,nominal_exit,1,exp5_20260703_0025,harvest_0207,,,unknown,doc_exp5_20260703_0025_001;doc_exp5_20260703_0025_002;doc_exp5_20260703_0025_006;doc_exp5_20260703_0025_007;doc_exp5_20260703_0025_008,,,false,,no_reference_link,not_established
南京高淳国有资产经营控股集团有限公司,南京高淳国有资产经营控股集团有限公司,nominal_exit,1,sch_20260630_0160,harvest_0160,,,unknown,doc_sch_20260630_0160_001;doc_sch_20260630_0160_002;doc_sch_20260630_0160_003;doc_sch_20260630_0160_007;doc_sch_20260630_0160_008,,,false,,no_reference_link,not_established
南通产业控股集团有限公司,南通产业控股集团有限公司,nominal_exit,1,sch_20260630_0074,harvest_0074,,,unknown,doc_sch_20260630_0074_002;doc_sch_20260630_0074_006,,,false,,no_reference_link,not_established
南通城市建设集团有限公司,南通城市建设集团有限公司,nominal_exit,1,sch_20260630_0089,harvest_0089,,,unknown,doc_sch_20260630_0089_001;doc_sch_20260630_0089_002;doc_sch_20260630_0089_005;doc_sch_20260630_0089_006;doc_sch_20260630_0089_007,,,false,,no_reference_link,not_established
厦门金圆投资集团有限公司,厦门金圆投资集团有限公司,nominal_exit,1,sch_20260630_0004,harvest_0004,,,unknown,doc_sch_20260630_0004_002;doc_sch_20260630_0004_004;doc_sch_20260630_0004_005;doc_sch_20260630_0004_011,,,false,,no_reference_link,not_established
台州市椒江区社会事业发展集团有限公司,台州市椒江区社会事业发展集团有限公司,nominal_exit,1,exp5_20260703_0004,harvest_0205,,,unknown,doc_exp5_20260703_0004_002;doc_exp5_20260703_0004_005;doc_exp5_20260703_0004_006;doc_exp5_20260703_0004_008;doc_exp5_20260703_0004_009;doc_exp5_20260703_0004_010,,,false,,no_reference_link,not_established
合肥北城建设投资集团有限公司,合肥北城建设投资(集团)有限公司,nominal_exit,1,sch_20260630_0125,harvest_0125,,,unknown,doc_sch_20260630_0125_001;doc_sch_20260630_0125_002;doc_sch_20260630_0125_003,,,false,,no_reference_link,not_established
吉安市城市建设投资开发有限公司,吉安市城市建设投资开发有限公司,nominal_exit,1,sch_20260630_0108,harvest_0108,expand_jx_jian_chengtou,nominal_exit,known,doc_sch_20260630_0108_001;doc_sch_20260630_0108_002;doc_sch_20260630_0108_003;doc_sch_20260630_0108_004;doc_sch_20260630_0108_005;doc_sch_20260630_0108_008,2015,Legal opinion states that the Ji'an government has stripped the issuer's government financing functions and that the issuer does not borrow for local government or other entities; issue proceeds will not increase government or hidden debt and will not be directly repaid by fiscal funds.,false,,not_established,not_established
嘉兴市嘉秀发展投资控股集团有限公司,嘉兴市嘉秀发展投资控股集团有限公司,nominal_exit,3,sch_20260630_0068;sch_20260630_0076;sch_20260630_0091,harvest_0068;harvest_0076;harvest_0091,sch_20260630_0068,nominal_exit,known,doc_sch_20260630_0068_001;doc_sch_20260630_0068_002;doc_sch_20260630_0068_003;doc_sch_20260630_0068_004;doc_sch_20260630_0076_001;doc_sch_20260630_0076_002;doc_sch_20260630_0076_003;doc_sch_20260630_0076_004;doc_sch_20260630_0091_001;doc_sch_20260630_0091_002;doc_sch_20260630_0091_003;doc_sch_20260630_0091_004,2015,"Prospectus and legal-opinion disclosures state that the issuer does not undertake government financing functions, that new debt after January 1 2015 is not local-government debt, and that the current debt instrument will not increase government or hidden debt.",true,doc_sch_20260630_0068_003;doc_sch_20260630_0068_004,not_established,not_established
嘉兴科技城投资发展集团有限公司,嘉兴科技城投资发展集团有限公司,nominal_exit,2,sch_20260630_0013;sch_20260630_0042,harvest_0013;harvest_0042,sch_20260630_0013,nominal_exit,known,doc_sch_20260630_0013_006;doc_sch_20260630_0013_009;doc_sch_20260630_0042_003;doc_sch_20260630_0042_007,2015,Issuer disclosure states that the company does not undertake government financing functions and that debt newly incurred since January 1 2015 is not local-government debt.,true,doc_sch_20260630_0013_009,not_established,not_established
嘉善县高新科技园区建设投资有限公司,嘉善县高新科技园区建设投资有限公司,nominal_exit,2,sch_20260630_0035;sch_20260630_0058,harvest_0035;harvest_0058,sch_20260630_0035,nominal_exit,known,doc_sch_20260630_0035_001;doc_sch_20260630_0035_002;doc_sch_20260630_0035_003;doc_sch_20260630_0035_005;doc_sch_20260630_0058_001;doc_sch_20260630_0058_002;doc_sch_20260630_0058_003;doc_sch_20260630_0058_004,2015,"Prospectus and legal-opinion disclosures state that the issuer does not undertake government financing functions, that new debt after January 1 2015 is not local-government debt, and that the current debt instrument will not add local-government or hidden debt.",true,doc_sch_20260630_0035_002;doc_sch_20260630_0035_005,not_established,not_established
四川华西集团有限公司,四川华西集团有限公司,nominal_exit,1,exp10_20260704_0268,harvest_0246,,,unknown,doc_exp10_20260704_0268_001;doc_exp10_20260704_0268_004;doc_exp10_20260704_0268_005;doc_exp10_20260704_0268_006;doc_exp10_20260704_0268_007,,,false,,no_reference_link,not_established
四川省乡村发展集团有限公司,四川省乡村发展集团有限公司,nominal_exit,1,sch_20260630_0001,harvest_0001,,,unknown,doc_sch_20260630_0001_006;doc_sch_20260630_0001_007,,,false,,no_reference_link,not_established
天津北辰经济技术开发区集团有限公司,天津北辰经济技术开发区集团有限公司,nominal_exit,1,sch_20260630_0134,harvest_0134,,,unknown,doc_sch_20260630_0134_001;doc_sch_20260630_0134_002;doc_sch_20260630_0134_004;doc_sch_20260630_0134_009;doc_sch_20260630_0134_010,,,false,,no_reference_link,not_established
天津国有资本投资运营有限公司,天津国有资本投资运营有限公司,nominal_exit,1,exp_20260703_0005,harvest_0180,,,unknown,doc_exp_20260703_0005_004;doc_exp_20260703_0005_005;doc_exp_20260703_0005_010,,,false,,no_reference_link,not_established
天津市武清区国有资产经营投资有限公司,天津市武清区国有资产经营投资有限公司,nominal_exit,1,exp4_20260703_0027,harvest_0201,,,unknown,doc_exp4_20260703_0027_001;doc_exp4_20260703_0027_010,,,false,,no_reference_link,not_established
天津津南城市建设投资有限公司,天津津南城市建设投资有限公司,nominal_exit,3,sch_20260630_0085;sch_20260630_0097;sch_20260630_0118,harvest_0085;harvest_0097;harvest_0118,expand_tj_jinnan_chengtou,nominal_exit,known,doc_sch_20260630_0085_001;doc_sch_20260630_0085_002;doc_sch_20260630_0085_003;doc_sch_20260630_0085_005;doc_sch_20260630_0085_006;doc_sch_20260630_0085_007;doc_sch_20260630_0085_009;doc_sch_20260630_0085_011;doc_sch_20260630_0097_003;doc_sch_20260630_0097_004;doc_sch_20260630_0097_005;doc_sch_20260630_0097_006;doc_sch_20260630_0118_002;doc_sch_20260630_0118_004;doc_sch_20260630_0118_005;doc_sch_20260630_0118_006,2015,"Legal opinion and prospectus disclosures state that the issuer operates on marketized principles, has no local-government repayment-responsibility debt, and that the current issue will not increase government or hidden debt or be directly repaid by fiscal funds.",false,,not_established,not_established
太仓娄城高新集团有限公司,太仓娄城高新集团有限公司,nominal_exit,1,exp8_20260703_0004,harvest_0213,,,unknown,doc_exp8_20260703_0004_001;doc_exp8_20260703_0004_003;doc_exp8_20260703_0004_004;doc_exp8_20260703_0004_005,,,false,,no_reference_link,not_established
太原市龙城发展投资集团有限公司,太原市龙城发展投资集团有限公司,nominal_exit,1,sch_20260630_0139,harvest_0139,,,unknown,doc_sch_20260630_0139_002;doc_sch_20260630_0139_005;doc_sch_20260630_0139_008,,,false,,no_reference_link,not_established
如东县东泰社会发展投资有限责任公司,如东县东泰社会发展投资有限责任公司,nominal_exit,1,sch_20260630_0073,harvest_0073,sch_20260630_0073,nominal_exit,known,doc_sch_20260630_0073_002;doc_sch_20260630_0073_003;doc_sch_20260630_0073_004;doc_sch_20260630_0073_006,2015,Prospectus states that the company does not undertake government financing functions and that debt newly incurred since January 1 2015 is not local-government debt.,true,doc_sch_20260630_0073_002;doc_sch_20260630_0073_003,not_established,not_established
如皋市经济贸易开发有限公司,如皋市经济贸易开发有限公司,nominal_exit,1,exp9_20260704_0035,harvest_0226,,,unknown,doc_exp9_20260704_0035_002;doc_exp9_20260704_0035_004;doc_exp9_20260704_0035_005;doc_exp9_20260704_0035_006;doc_exp9_20260704_0035_007,,,false,,no_reference_link,not_established
宁波市海曙广聚资产经营有限公司,宁波市海曙广聚资产经营有限公司,nominal_exit,1,exp5_20260703_0007,harvest_0206,,,unknown,doc_exp5_20260703_0007_004;doc_exp5_20260703_0007_005;doc_exp5_20260703_0007_006,,,false,,no_reference_link,not_established
宁波市镇海投资有限公司,宁波市镇海投资有限公司,nominal_exit,1,exp8_20260703_0163,harvest_0223,,,unknown,doc_exp8_20260703_0163_006;doc_exp8_20260703_0163_007,,,false,,no_reference_link,not_established
宁波文旅会展集团有限公司,宁波文旅会展集团有限公司,nominal_exit,1,exp2_20260703_0021,harvest_0194,,,unknown,doc_exp2_20260703_0021_001;doc_exp2_20260703_0021_003;doc_exp2_20260703_0021_005;doc_exp2_20260703_0021_008;doc_exp2_20260703_0021_009,,,false,,no_reference_link,not_established
安徽省交通控股集团有限公司,安徽省交通控股集团有限公司,nominal_exit,1,sch_20260630_0172,harvest_0172,,,unknown,doc_sch_20260630_0172_003;doc_sch_20260630_0172_006,,,false,,no_reference_link,not_established
安徽省宁国建设投资集团有限公司,安徽省宁国建设投资集团有限公司,nominal_exit,1,sch_20260630_0173,harvest_0173,,,unknown,doc_sch_20260630_0173_003;doc_sch_20260630_0173_007,,,false,,no_reference_link,not_established
宜昌城发实业投资有限公司,宜昌城发实业投资有限公司,nominal_exit,1,sch_20260630_0071,harvest_0071,,,unknown,doc_sch_20260630_0071_002;doc_sch_20260630_0071_003;doc_sch_20260630_0071_004;doc_sch_20260630_0071_008;doc_sch_20260630_0071_009,,,false,,no_reference_link,not_established
宿州市城市建设投资集团控股有限公司,宿州市城市建设投资集团(控股)有限公司,nominal_exit,2,sch_20260630_0064;sch_20260630_0112,harvest_0064;harvest_0112,expand_ah_suzhou_chengtou,nominal_exit,known,doc_sch_20260630_0064_001;doc_sch_20260630_0064_002;doc_sch_20260630_0064_005;doc_sch_20260630_0064_006;doc_sch_20260630_0064_007;doc_sch_20260630_0064_008;doc_sch_20260630_0112_001;doc_sch_20260630_0112_002;doc_sch_20260630_0112_004;doc_sch_20260630_0112_005;doc_sch_20260630_0112_006;doc_sch_20260630_0112_008,2015,Prospectus states that the company does not undertake government financing functions and that new debt after January 1 2015 is not local-government debt; a separate compliance section says the issuer rectified and standardized the stripping of government financing functions and does not undertake land-reserve functions.,false,,not_established,not_established
寿光市金旭产业发展集团有限公司,寿光市金旭产业发展集团有限公司,nominal_exit,1,sch_20260630_0028,harvest_0028,sch_20260630_0028,nominal_exit,known,doc_sch_20260630_0028_002;doc_sch_20260630_0028_004;doc_sch_20260630_0028_008,2015,Issuer disclosure states that the current debt instrument will not increase local-government or hidden debt and that the issuer does not undertake government financing behavior.,true,doc_sch_20260630_0028_004,not_established,not_established
山东泉汇产业发展有限公司,山东泉汇产业发展有限公司,nominal_exit,1,exp5_20260703_0001,harvest_0204,,,unknown,doc_exp5_20260703_0001_007;doc_exp5_20260703_0001_009,,,false,,no_reference_link,not_established
山东高速集团有限公司,山东高速集团有限公司,nominal_exit,1,exp10_20260704_0236,harvest_0245,,,unknown,doc_exp10_20260704_0236_003;doc_exp10_20260704_0236_006;doc_exp10_20260704_0236_007;doc_exp10_20260704_0236_008;doc_exp10_20260704_0236_009;doc_exp10_20260704_0236_010,,,false,,no_reference_link,not_established
山西交通控股集团有限公司,山西交通控股集团有限公司,nominal_exit,1,sch_20260630_0062,harvest_0062,,,unknown,doc_sch_20260630_0062_001;doc_sch_20260630_0062_002;doc_sch_20260630_0062_003;doc_sch_20260630_0062_005,,,false,,no_reference_link,not_established
山西建设投资集团有限公司,山西建设投资集团有限公司,nominal_exit,1,sch_20260630_0101,harvest_0101,,,unknown,doc_sch_20260630_0101_002;doc_sch_20260630_0101_003;doc_sch_20260630_0101_006;doc_sch_20260630_0101_007;doc_sch_20260630_0101_008;doc_sch_20260630_0101_009,,,false,,no_reference_link,not_established
山西路桥建设集团有限公司,山西路桥建设集团有限公司,nominal_exit,1,sch_20260630_0030,harvest_0030,,,unknown,doc_sch_20260630_0030_002;doc_sch_20260630_0030_003;doc_sch_20260630_0030_004;doc_sch_20260630_0030_005;doc_sch_20260630_0030_006;doc_sch_20260630_0030_010,,,false,,no_reference_link,not_established
常州天宁建设发展集团有限公司,常州天宁建设发展集团有限公司,nominal_exit,2,sch_20260630_0057;sch_20260630_0113,harvest_0057;harvest_0113,sch_20260630_0057,nominal_exit,known,doc_sch_20260630_0057_001;doc_sch_20260630_0057_002;doc_sch_20260630_0057_003;doc_sch_20260630_0057_004;doc_sch_20260630_0113_001;doc_sch_20260630_0113_002;doc_sch_20260630_0113_003;doc_sch_20260630_0113_007,2015,Issuer disclosure states that the company does not undertake government financing functions and that debt newly incurred since January 1 2015 is not local-government debt.,true,doc_sch_20260630_0057_004,not_established,not_established
常州市交通产业集团有限公司,常州市交通产业集团有限公司,nominal_exit,1,sch_20260630_0048,harvest_0048,sch_20260630_0048,nominal_exit,known,doc_sch_20260630_0048_002;doc_sch_20260630_0048_003;doc_sch_20260630_0048_005;doc_sch_20260630_0048_006;doc_sch_20260630_0048_007,2011,Legal opinion reports that the issuer was included in the CBRC government-financing-platform list in August 2010 and was removed from that list in May 2011; prospectus compliance language also states that the company does not undertake government financing functions after January 1 2015.,true,doc_sch_20260630_0048_003;doc_sch_20260630_0048_007,not_established,not_established
常州市城市建设集团有限公司,常州市城市建设(集团)有限公司,nominal_exit,1,exp3_20260703_0018,harvest_0198,,,unknown,doc_exp3_20260703_0018_001;doc_exp3_20260703_0018_002;doc_exp3_20260703_0018_003;doc_exp3_20260703_0018_008;doc_exp3_20260703_0018_009,,,false,,no_reference_link,not_established
常州滨湖建设发展集团有限公司,常州滨湖建设发展集团有限公司,nominal_exit,2,sch_20260630_0069;sch_20260630_0079,harvest_0069;harvest_0079,sch_20260630_0069,nominal_exit,known,doc_sch_20260630_0069_004;doc_sch_20260630_0069_005;doc_sch_20260630_0069_006;doc_sch_20260630_0069_007;doc_sch_20260630_0079_001;doc_sch_20260630_0079_004;doc_sch_20260630_0079_005;doc_sch_20260630_0079_006,2015,Issuer disclosure states that the company does not undertake government financing functions and that debt newly incurred since January 1 2015 is not local-government debt.,true,doc_sch_20260630_0069_004,not_established,not_established
广东省铁路建设投资集团有限公司,广东省铁路建设投资集团有限公司,nominal_exit,1,sch_20260630_0065,harvest_0065,,,unknown,doc_sch_20260630_0065_001;doc_sch_20260630_0065_002;doc_sch_20260630_0065_003;doc_sch_20260630_0065_004;doc_sch_20260630_0065_005;doc_sch_20260630_0065_006,,,false,,no_reference_link,not_established
广州交通投资集团有限公司,广州交通投资集团有限公司,nominal_exit,1,exp_20260703_0002,harvest_0177,,,unknown,doc_exp_20260703_0002_002;doc_exp_20260703_0002_004;doc_exp_20260703_0002_005;doc_exp_20260703_0002_006;doc_exp_20260703_0002_007;doc_exp_20260703_0002_008;doc_exp_20260703_0002_010,,,false,,no_reference_link,not_established
广州越秀集团股份有限公司,广州越秀集团股份有限公司,nominal_exit,1,exp9_20260704_0084,harvest_0227,,,unknown,doc_exp9_20260704_0084_001;doc_exp9_20260704_0084_002;doc_exp9_20260704_0084_003;doc_exp9_20260704_0084_005;doc_exp9_20260704_0084_007,,,false,,no_reference_link,not_established
广西交通投资集团有限公司,广西交通投资集团有限公司,nominal_exit,5,sch_20260630_0128;sch_20260630_0133;sch_20260630_0146;sch_20260630_0158;sch_20260630_0174,harvest_0128;harvest_0133;harvest_0146;harvest_0158;harvest_0174,,,unknown,doc_sch_20260630_0128_003;doc_sch_20260630_0128_004;doc_sch_20260630_0128_005;doc_sch_20260630_0128_007;doc_sch_20260630_0128_008;doc_sch_20260630_0133_001;doc_sch_20260630_0133_003;doc_sch_20260630_0133_004;doc_sch_20260630_0133_005;doc_sch_20260630_0133_007;doc_sch_20260630_0133_008;doc_sch_20260630_0133_009;doc_sch_20260630_0146_001;doc_sch_20260630_0146_002;doc_sch_20260630_0146_003;doc_sch_20260630_0146_004;doc_sch_20260630_0146_005;doc_sch_20260630_0146_006;doc_sch_20260630_0146_007;doc_sch_20260630_0146_009;doc_sch_20260630_0158_001;doc_sch_20260630_0158_002;doc_sch_20260630_0158_004;doc_sch_20260630_0158_005;doc_sch_20260630_0158_006;doc_sch_20260630_0158_007;doc_sch_20260630_0158_009;doc_sch_20260630_0174_001;doc_sch_20260630_0174_002;doc_sch_20260630_0174_003;doc_sch_20260630_0174_004;doc_sch_20260630_0174_005;doc_sch_20260630_0174_006;doc_sch_20260630_0174_007;doc_sch_20260630_0174_009,,,false,,no_reference_link,not_established
广西国控资本运营集团有限责任公司,广西国控资本运营集团有限责任公司,nominal_exit,2,exp4_20260703_0049;exp4_20260703_0051,harvest_0202;harvest_0203,,,unknown,doc_exp4_20260703_0049_002;doc_exp4_20260703_0049_003;doc_exp4_20260703_0049_008;doc_exp4_20260703_0051_002;doc_exp4_20260703_0051_005;doc_exp4_20260703_0051_007,,,false,,no_reference_link,not_established
广西投资集团金融控股有限公司,广西投资集团金融控股有限公司,nominal_exit,1,sch_20260630_0026,harvest_0026,,,unknown,doc_sch_20260630_0026_004;doc_sch_20260630_0026_005;doc_sch_20260630_0026_007;doc_sch_20260630_0026_009,,,false,,no_reference_link,not_established
建安投资控股集团有限公司,建安投资控股集团有限公司,nominal_exit,1,sch_20260630_0027,harvest_0027,sch_20260630_0027,nominal_exit,known,doc_sch_20260630_0027_001;doc_sch_20260630_0027_003;doc_sch_20260630_0027_005;doc_sch_20260630_0027_006;doc_sch_20260630_0027_007;doc_sch_20260630_0027_008;doc_sch_20260630_0027_009,2015,Prospectus and legal-opinion disclosures state that the issuer does not undertake government financing functions and that new debt after January 1 2015 is not local-government debt; the local state acts only as shareholder with limited liability.,true,doc_sch_20260630_0027_001;doc_sch_20260630_0027_003;doc_sch_20260630_0027_005,not_established,not_established
张家港市城市投资发展集团有限公司,张家港市城市投资发展集团有限公司,nominal_exit,1,sch_20260630_0080,harvest_0080,expand_js_zhangjiagang_chengtou,nominal_exit,known,doc_sch_20260630_0080_002;doc_sch_20260630_0080_003;doc_sch_20260630_0080_004;doc_sch_20260630_0080_005;doc_sch_20260630_0080_006;doc_sch_20260630_0080_007;doc_sch_20260630_0080_008,2018,Legal opinion states that the issuer and subsidiaries were not included in the 2018 CBIRC financing-platform list and that the current issue will not increase government or hidden debt or be directly repaid with fiscal funds.,false,,not_established,not_established
徐州市交通控股集团有限公司,徐州市交通控股集团有限公司,nominal_exit,1,sch_20260630_0046,harvest_0046,sch_20260630_0046,nominal_exit,known,doc_sch_20260630_0046_003;doc_sch_20260630_0046_004;doc_sch_20260630_0046_005;doc_sch_20260630_0046_006,2015,"Prospectus and legal-opinion disclosures state that Xuzhou SASAC is liable only up to its capital contribution, that the issuer does not undertake government financing functions, and that new debt after January 1 2015 is not local-government debt.",true,doc_sch_20260630_0046_003;doc_sch_20260630_0046_004,not_established,not_established
徐州经济技术开发区国有资产经营有限责任公司,徐州经济技术开发区国有资产经营有限责任公司,nominal_exit,5,sch_20260630_0015;sch_20260630_0037;sch_20260630_0038;sch_20260630_0045;sch_20260630_0060,harvest_0015;harvest_0037;harvest_0038;harvest_0045;harvest_0060,sch_20260630_0015,nominal_exit,known,doc_sch_20260630_0015_002;doc_sch_20260630_0015_007;doc_sch_20260630_0015_008;doc_sch_20260630_0037_002;doc_sch_20260630_0037_005;doc_sch_20260630_0037_007;doc_sch_20260630_0038_002;doc_sch_20260630_0038_005;doc_sch_20260630_0038_007;doc_sch_20260630_0045_003;doc_sch_20260630_0045_005;doc_sch_20260630_0045_006;doc_sch_20260630_0060_002;doc_sch_20260630_0060_005;doc_sch_20260630_0060_006,2015,"Prospectus and legal-opinion disclosures state that the issuer does not undertake government financing functions, that new debt after January 1 2015 is not local-government debt, and that the current debt instrument will not add local-government or hidden debt.",true,doc_sch_20260630_0015_007;doc_sch_20260630_0015_008,not_established,not_established
德州德达投资控股集团有限公司,德州德达投资控股集团有限公司,nominal_exit,1,sch_20260630_0130,harvest_0130,expand_sd_dezhou_deda,nominal_exit,known,doc_sch_20260630_0130_001;doc_sch_20260630_0130_002;doc_sch_20260630_0130_003;doc_sch_20260630_0130_004;doc_sch_20260630_0130_006;doc_sch_20260630_0130_007,2016,Legal opinion states that Dezhou CBRC approved the company's platform loans for rectification into general-company loans in December 2016 and that a Dezhou government announcement said the company no longer undertook local-government debt-financing functions.,false,,not_established,not_established
成都产业投资集团有限公司,成都产业投资集团有限公司,nominal_exit,1,exp_20260703_0004,harvest_0179,,,unknown,doc_exp_20260703_0004_005;doc_exp_20260703_0004_006;doc_exp_20260703_0004_007,,,false,,no_reference_link,not_established
扬州建工控股集团有限公司,扬州建工控股集团有限公司,nominal_exit,1,sch_20260630_0149,harvest_0149,,,unknown,doc_sch_20260630_0149_002;doc_sch_20260630_0149_004,,,false,,no_reference_link,not_established
扬州新材料投资集团有限公司,扬州新材料投资集团有限公司,nominal_exit,1,sch_20260630_0121,harvest_0121,,,unknown,doc_sch_20260630_0121_001;doc_sch_20260630_0121_003;doc_sch_20260630_0121_004;doc_sch_20260630_0121_005;doc_sch_20260630_0121_006,,,false,,no_reference_link,not_established
抚州市市属国有资产投资控股集团有限公司,抚州市市属国有资产投资控股集团有限公司,nominal_exit,1,sch_20260630_0148,harvest_0148,expand_jx_fuzhou_guozi,nominal_exit,known,doc_sch_20260630_0148_001;doc_sch_20260630_0148_002;doc_sch_20260630_0148_005;doc_sch_20260630_0148_006;doc_sch_20260630_0148_007,2015,"Prospectus disclosures state that the enterprise has stripped government financing functions, transformed into a marketized self-operating entity, and does not undertake government financing functions after January 1 2015.",false,,not_established,not_established
新乡投资集团有限公司,新乡投资集团有限公司,nominal_exit,1,sch_20260630_0159,harvest_0159,,,unknown,doc_sch_20260630_0159_004;doc_sch_20260630_0159_006,,,false,,no_reference_link,not_established
新疆城建集团股份有限公司,新疆城建(集团)股份有限公司,nominal_exit,1,sch_20260630_0056,harvest_0056,sch_20260630_0056,nominal_exit,known,doc_sch_20260630_0056_003;doc_sch_20260630_0056_005,2015,"Prospectus and legal-opinion disclosures state that the issuer does not undertake government financing functions, that new debt after January 1 2015 is not local-government debt, and that the current debt instrument will not add local-government or hidden debt.",true,doc_sch_20260630_0056_003;doc_sch_20260630_0056_005,not_established,not_established
无锡华光环保能源集团股份有限公司,无锡华光环保能源集团股份有限公司,nominal_exit,1,exp9_20260704_0230,harvest_0236,,,unknown,doc_exp9_20260704_0230_001;doc_exp9_20260704_0230_003;doc_exp9_20260704_0230_005;doc_exp9_20260704_0230_007,,,false,,no_reference_link,not_established
无锡市国联发展集团有限公司,无锡市国联发展(集团)有限公司,nominal_exit,3,sch_20260630_0022;sch_20260630_0103;sch_20260630_0104,harvest_0022;harvest_0103;harvest_0104,,,unknown,doc_sch_20260630_0022_002;doc_sch_20260630_0022_003;doc_sch_20260630_0022_004;doc_sch_20260630_0022_005;doc_sch_20260630_0103_003;doc_sch_20260630_0103_004;doc_sch_20260630_0103_005;doc_sch_20260630_0103_007;doc_sch_20260630_0104_001;doc_sch_20260630_0104_002;doc_sch_20260630_0104_004;doc_sch_20260630_0104_006,,,false,,no_reference_link,not_established
无锡市高新区创业投资控股集团有限公司,无锡市高新区创业投资控股集团有限公司,nominal_exit,1,sch_20260630_0059,harvest_0059,,,unknown,doc_sch_20260630_0059_001;doc_sch_20260630_0059_002;doc_sch_20260630_0059_004;doc_sch_20260630_0059_005;doc_sch_20260630_0059_006;doc_sch_20260630_0059_007,,,false,,no_reference_link,not_established
日照城投集团有限公司,日照城投集团有限公司,nominal_exit,1,sch_20260630_0132,harvest_0132,sch_20260630_0132,nominal_exit,known,doc_sch_20260630_0132_002;doc_sch_20260630_0132_003;doc_sch_20260630_0132_006;doc_sch_20260630_0132_007;doc_sch_20260630_0132_008;doc_sch_20260630_0132_009,2015,"Prospectus states that the issuer does not undertake government financing functions, that new debt after January 1 2015 is not local-government debt, and that the current debt will not increase government debt.",true,doc_sch_20260630_0132_002;doc_sch_20260630_0132_009,not_established,not_established
昆明市交通投资集团有限责任公司,昆明市交通投资集团有限责任公司,nominal_exit,2,sch_20260630_0155;sch_20260630_0163,harvest_0155;harvest_0163,sch_20260630_0155,nominal_exit,known,doc_sch_20260630_0155_001;doc_sch_20260630_0155_002;doc_sch_20260630_0155_003;doc_sch_20260630_0155_004;doc_sch_20260630_0155_005;doc_sch_20260630_0155_006;doc_sch_20260630_0163_002;doc_sch_20260630_0163_003;doc_sch_20260630_0163_007,2015,Prospectus disclosures state that the issuer does not undertake government financing functions and that new debt after January 1 2015 is not local-government debt; the local state acts only as shareholder with limited liability.,true,doc_sch_20260630_0155_003;doc_sch_20260630_0155_005,not_established,not_established
昆明市土地开发投资经营有限责任公司,昆明市土地开发投资经营有限责任公司,nominal_exit,1,exp2_20260703_0018,harvest_0193,,,unknown,doc_exp2_20260703_0018_003;doc_exp2_20260703_0018_004;doc_exp2_20260703_0018_006;doc_exp2_20260703_0018_007,,,false,,no_reference_link,not_established
晋中市公用基础设施投资控股集团有限公司,晋中市公用基础设施投资控股(集团)有限公司,nominal_exit,2,exp_20260703_0008;exp_20260703_0019,harvest_0182;harvest_0185,exp_20260703_0008,nominal_exit,known,doc_exp_20260703_0008_001;doc_exp_20260703_0008_002;doc_exp_20260703_0008_005;doc_exp_20260703_0008_007;doc_exp_20260703_0019_001;doc_exp_20260703_0019_003;doc_exp_20260703_0019_004;doc_exp_20260703_0019_005;doc_exp_20260703_0019_006,2015,Issuer disclosure states that the company does not undertake government financing functions and that debt newly incurred since January 1 2015 is not local-government debt.,true,doc_exp_20260703_0008_001;doc_exp_20260703_0008_007,not_established,not_established
晋江市国有资本投资运营有限责任公司,晋江市国有资本投资运营有限责任公司,nominal_exit,1,exp_20260703_0007,harvest_0181,,,unknown,doc_exp_20260703_0007_002;doc_exp_20260703_0007_003;doc_exp_20260703_0007_004;doc_exp_20260703_0007_008,,,false,,no_reference_link,not_established
景德镇市城市建设投资集团有限责任公司,景德镇市城市建设投资集团有限责任公司,nominal_exit,1,sch_20260630_0111,harvest_0111,expand_jx_jingdezhen_chengtou,nominal_exit,known,doc_sch_20260630_0111_003;doc_sch_20260630_0111_004;doc_sch_20260630_0111_005;doc_sch_20260630_0111_006,2015,Prospectus disclosures state that the company does not undertake government financing functions after January 1 2015 and that government financing and land-reserve functions have been stripped.,false,,not_established,not_established
武汉光谷金融控股集团有限公司,武汉光谷金融控股集团有限公司,nominal_exit,1,sch_20260630_0009,harvest_0009,,,unknown,doc_sch_20260630_0009_002;doc_sch_20260630_0009_004;doc_sch_20260630_0009_007;doc_sch_20260630_0009_008,,,false,,no_reference_link,not_established
江苏交通控股有限公司,江苏交通控股有限公司,nominal_exit,1,sch_20260630_0098,harvest_0098,,,unknown,doc_sch_20260630_0098_002;doc_sch_20260630_0098_004;doc_sch_20260630_0098_005;doc_sch_20260630_0098_006;doc_sch_20260630_0098_008,,,false,,no_reference_link,not_established
江苏省国信集团有限公司,江苏省国信集团有限公司,nominal_exit,1,exp9_20260704_0141,harvest_0230,,,unknown,doc_exp9_20260704_0141_004;doc_exp9_20260704_0141_005;doc_exp9_20260704_0141_007,,,false,,no_reference_link,not_established
江苏腾海投资控股集团有限公司,江苏腾海投资控股集团有限公司,nominal_exit,1,sch_20260630_0019,harvest_0019,sch_20260630_0019,nominal_exit,known,doc_sch_20260630_0019_001;doc_sch_20260630_0019_002;doc_sch_20260630_0019_003;doc_sch_20260630_0019_005;doc_sch_20260630_0019_006;doc_sch_20260630_0019_007,2015,"Prospectus and legal-opinion disclosures state that the issuer does not undertake government financing functions, that new debt after January 1 2015 is not local-government debt, and that the current debt instrument will not increase government or hidden debt.",true,doc_sch_20260630_0019_003;doc_sch_20260630_0019_006;doc_sch_20260630_0019_007,not_established,not_established
江苏高淳国际慢城文化旅游产业投资集团有限公司,江苏高淳国际慢城文化旅游产业投资集团有限公司,nominal_exit,1,sch_20260630_0142,harvest_0142,sch_20260630_0142,nominal_exit,known,doc_sch_20260630_0142_001;doc_sch_20260630_0142_003;doc_sch_20260630_0142_005;doc_sch_20260630_0142_006;doc_sch_20260630_0142_007,2015,"Prospectus and legal-opinion disclosures state that the issuer does not undertake government financing functions, that new debt after January 1 2015 is not local-government debt, and that the current debt instrument will not increase government or hidden debt.",true,doc_sch_20260630_0142_003;doc_sch_20260630_0142_005;doc_sch_20260630_0142_006,not_established,not_established
江苏龙城国有控股集团有限公司,江苏龙城国有控股集团有限公司,nominal_exit,1,exp8_20260703_0012,harvest_0215,,,unknown,doc_exp8_20260703_0012_003;doc_exp8_20260703_0012_004;doc_exp8_20260703_0012_005,,,false,,no_reference_link,not_established
江西省国有资本运营控股集团有限公司,江西省国有资本运营控股集团有限公司,nominal_exit,1,sch_20260630_0157,harvest_0157,,,unknown,doc_sch_20260630_0157_001;doc_sch_20260630_0157_002;doc_sch_20260630_0157_007;doc_sch_20260630_0157_008,,,false,,no_reference_link,not_established
江阴高新区投资开发有限公司,江阴高新区投资开发有限公司,nominal_exit,1,sch_20260630_0029,harvest_0029,sch_20260630_0029,nominal_exit,known,doc_sch_20260630_0029_002;doc_sch_20260630_0029_003;doc_sch_20260630_0029_004;doc_sch_20260630_0029_006;doc_sch_20260630_0029_009,2015,"Prospectus and legal-opinion disclosures state that the issuer does not undertake government financing functions, that new debt after January 1 2015 is not local-government debt, and that the current debt instrument will not add local-government or hidden debt.",true,doc_sch_20260630_0029_002;doc_sch_20260630_0029_004,not_established,not_established
河北顺德投资集团有限公司,河北顺德投资集团有限公司,nominal_exit,1,sch_20260630_0005,harvest_0005,sch_20260630_0005,nominal_exit,known,doc_sch_20260630_0005_001;doc_sch_20260630_0005_004;doc_sch_20260630_0005_005;doc_sch_20260630_0005_007;doc_sch_20260630_0005_008,2015,"Prospectus disclosures state that Xingtai SASAC is liable only up to its capital contribution, that issuer debt is repaid by the issuer as an independent legal person, and that the company does not undertake government financing functions or add local-government debt after January 1 2015.",true,doc_sch_20260630_0005_005,not_established,not_established
河南交通投资集团有限公司,河南交通投资集团有限公司,nominal_exit,1,exp_20260703_0003,harvest_0178,,,unknown,doc_exp_20260703_0003_004;doc_exp_20260703_0003_006;doc_exp_20260703_0003_007;doc_exp_20260703_0003_008;doc_exp_20260703_0003_009;doc_exp_20260703_0003_010;doc_exp_20260703_0003_011;doc_exp_20260703_0003_012,,,false,,no_reference_link,not_established
河南创新投资集团有限公司,河南创新投资集团有限公司,nominal_exit,1,sch_20260630_0036,harvest_0036,,,unknown,doc_sch_20260630_0036_001;doc_sch_20260630_0036_005;doc_sch_20260630_0036_008,,,false,,no_reference_link,not_established
河南航空港投资集团有限公司,河南航空港投资集团有限公司,nominal_exit,1,sch_20260630_0014,harvest_0014,sch_20260630_0014,nominal_exit,known,doc_sch_20260630_0014_001;doc_sch_20260630_0014_009,2015,"Prospectus and legal-opinion disclosures state that Henan Provincial Finance Department and the Zhengzhou Airport Economy Zone Management Committee are liable only as investors, that issuer debt is repaid by the issuer as an independent legal person, and that the company does not undertake government financing functions or add local-government debt after January 1 2015.",true,doc_sch_20260630_0014_001;doc_sch_20260630_0014_009,not_established,not_established
泉州交通发展集团有限责任公司,泉州交通发展集团有限责任公司,nominal_exit,3,exp4_20260703_0009;sch_20260630_0050;sch_20260630_0106,harvest_0050;harvest_0106;harvest_0199,,,unknown,doc_exp4_20260703_0009_004;doc_exp4_20260703_0009_005;doc_exp4_20260703_0009_006;doc_exp4_20260703_0009_007;doc_exp4_20260703_0009_008;doc_sch_20260630_0050_001;doc_sch_20260630_0050_002;doc_sch_20260630_0050_003;doc_sch_20260630_0050_004;doc_sch_20260630_0050_006;doc_sch_20260630_0050_010;doc_sch_20260630_0106_001;doc_sch_20260630_0106_004;doc_sch_20260630_0106_006;doc_sch_20260630_0106_007;doc_sch_20260630_0106_008;doc_sch_20260630_0106_010,,,false,,no_reference_link,not_established
泰兴市中兴国有资产经营投资集团有限公司,泰兴市中兴国有资产经营投资集团有限公司,nominal_exit,1,sch_20260630_0021,harvest_0021,sch_20260630_0021,nominal_exit,known,doc_sch_20260630_0021_006;doc_sch_20260630_0021_009,2015,"Prospectus and legal-opinion disclosures state that the shareholder and actual controller are liable only as investors, that issuer debt is repaid by the issuer as an independent legal person, and that the company does not undertake government financing functions or add local-government debt after January 1 2015.",true,doc_sch_20260630_0021_006;doc_sch_20260630_0021_009,not_established,not_established
泰州市兴化国有资产投资控股有限公司,泰州市兴化国有资产投资控股有限公司,nominal_exit,1,sch_20260630_0002,harvest_0002,expand_js_xinghua_guotou,nominal_exit,known,doc_sch_20260630_0002_001;doc_sch_20260630_0002_002;doc_sch_20260630_0002_003;doc_sch_20260630_0002_004;doc_sch_20260630_0002_007;doc_sch_20260630_0002_008;doc_sch_20260630_0002_009,2015,"Prospectus and legal-opinion disclosures state that the enterprise has stripped government financing functions, transformed into a marketized self-operating entity, and does not undertake government financing functions after January 1 2015.",false,,not_established,not_established
泰州市城市建设投资集团有限公司,泰州市城市建设投资集团有限公司,nominal_exit,2,sch_20260630_0096;sch_20260630_0100,harvest_0096;harvest_0100,expand_js_taizhou_chengtou,nominal_exit,known,doc_sch_20260630_0096_001;doc_sch_20260630_0096_002;doc_sch_20260630_0096_003;doc_sch_20260630_0096_004;doc_sch_20260630_0096_005;doc_sch_20260630_0096_007;doc_sch_20260630_0100_001;doc_sch_20260630_0100_002;doc_sch_20260630_0100_003;doc_sch_20260630_0100_004;doc_sch_20260630_0100_005;doc_sch_20260630_0100_006;doc_sch_20260630_0100_008;doc_sch_20260630_0100_009,2019,"Legal opinion describes the issuer as moving from a government financing platform toward a city-industry investment operator, while also stating that the issue will not increase government or hidden debt or be directly repaid by fiscal funds.",false,,not_established,not_established
洛阳城乡建设投资集团有限公司,洛阳城乡建设投资集团有限公司,nominal_exit,1,sch_20260630_0165,harvest_0165,expand_hen_luoyang_chengxiang,nominal_exit,known,doc_sch_20260630_0165_001;doc_sch_20260630_0165_002;doc_sch_20260630_0165_003;doc_sch_20260630_0165_004;doc_sch_20260630_0165_005;doc_sch_20260630_0165_006;doc_sch_20260630_0165_007;doc_sch_20260630_0165_009;doc_sch_20260630_0165_010;doc_sch_20260630_0165_011,2015,"Prospectus states that the issuer has stripped government financing functions, has transformed into a self-operating and self-risk-bearing marketized entity, and does not undertake government financing functions after January 1 2015; issue proceeds will not increase government or hidden debt.",false,,not_established,not_established
济南高新控股集团有限公司,济南高新控股集团有限公司,nominal_exit,1,sch_20260630_0006,harvest_0006,sch_20260630_0006,nominal_exit,known,doc_sch_20260630_0006_002;doc_sch_20260630_0006_003;doc_sch_20260630_0006_004;doc_sch_20260630_0006_005;doc_sch_20260630_0006_007,2015,Issuer disclosure states that the company does not undertake government financing functions and that debt newly incurred since January 1 2015 is not local-government debt.,true,doc_sch_20260630_0006_002;doc_sch_20260630_0006_007,not_established,not_established
浙江安吉国控建设发展集团有限公司,浙江安吉国控建设发展集团有限公司,nominal_exit,1,sch_20260630_0017,harvest_0017,sch_20260630_0017,nominal_exit,known,doc_sch_20260630_0017_001;doc_sch_20260630_0017_002;doc_sch_20260630_0017_005,2015,Prospectus states that Anji County Finance Bureau acts only as investor with limited liability and that debt newly incurred since January 1 2015 is not local-government debt.,true,doc_sch_20260630_0017_002;doc_sch_20260630_0017_005,not_established,not_established
海南高速公路股份有限公司,海南高速公路股份有限公司,nominal_exit,1,exp10_20260704_0156,harvest_0243,,,unknown,doc_exp10_20260704_0156_003;doc_exp10_20260704_0156_004;doc_exp10_20260704_0156_006;doc_exp10_20260704_0156_007,,,false,,no_reference_link,not_established
海安开发区建设投资有限公司,海安开发区建设投资有限公司,nominal_exit,2,sch_20260630_0137;sch_20260630_0141,harvest_0137;harvest_0141,sch_20260630_0137,nominal_exit,known,doc_sch_20260630_0137_001;doc_sch_20260630_0137_002;doc_sch_20260630_0137_005;doc_sch_20260630_0137_006;doc_sch_20260630_0137_009;doc_sch_20260630_0141_002;doc_sch_20260630_0141_003;doc_sch_20260630_0141_004;doc_sch_20260630_0141_005;doc_sch_20260630_0141_007,2015,Issuer disclosure states that the company does not undertake government financing functions and that debt newly incurred since January 1 2015 is not local-government debt.,true,doc_sch_20260630_0137_006,not_established,not_established
淮北市建投控股集团有限公司,淮北市建投控股集团有限公司,nominal_exit,1,exp6_20260703_0005,harvest_0210,,,unknown,doc_exp6_20260703_0005_001;doc_exp6_20260703_0005_004;doc_exp6_20260703_0005_005;doc_exp6_20260703_0005_006;doc_exp6_20260703_0005_007,,,false,,no_reference_link,not_established
淮安市国有联合投资发展集团有限公司,淮安市国有联合投资发展集团有限公司,nominal_exit,1,sch_20260630_0010,harvest_0010,,,unknown,doc_sch_20260630_0010_001;doc_sch_20260630_0010_002;doc_sch_20260630_0010_003;doc_sch_20260630_0010_004;doc_sch_20260630_0010_006,,,false,,no_reference_link,not_established
淮安市投资控股集团有限公司,淮安市投资控股集团有限公司,nominal_exit,1,sch_20260630_0102,harvest_0102,expand_js_huaian_touzi,nominal_exit,known,doc_sch_20260630_0102_001;doc_sch_20260630_0102_002;doc_sch_20260630_0102_004;doc_sch_20260630_0102_005;doc_sch_20260630_0102_006;doc_sch_20260630_0102_007;doc_sch_20260630_0102_008,2011,Prospectus disclosures state that the issuer entered the CBRC financing-platform list in 2010 and was transferred out of that list on June 13 2011; later disclosures also state that the issuer does not undertake government financing functions after January 1 2015.,false,,not_established,not_established
淮安市文化旅游集团股份有限公司,淮安市文化旅游集团股份有限公司,nominal_exit,1,exp5_20260703_0030,harvest_0208,,,unknown,doc_exp5_20260703_0030_002;doc_exp5_20260703_0030_003;doc_exp5_20260703_0030_005;doc_exp5_20260703_0030_006;doc_exp5_20260703_0030_007,,,false,,no_reference_link,not_established
淮安新城投资开发集团有限公司,淮安新城投资开发集团有限公司,nominal_exit,1,exp2_20260703_0003,harvest_0190,,,unknown,doc_exp2_20260703_0003_005;doc_exp2_20260703_0003_007,,,false,,no_reference_link,not_established
淮河能源控股集团有限责任公司,淮河能源控股集团有限责任公司,nominal_exit,1,sch_20260630_0018,harvest_0018,,,unknown,doc_sch_20260630_0018_001;doc_sch_20260630_0018_002;doc_sch_20260630_0018_005,,,false,,no_reference_link,not_established
深圳国际控股有限公司,深圳国际控股有限公司,nominal_exit,1,exp10_20260704_0013,harvest_0239,,,unknown,doc_exp10_20260704_0013_006;doc_exp10_20260704_0013_007;doc_exp10_20260704_0013_009;doc_exp10_20260704_0013_012;doc_exp10_20260704_0013_013,,,false,,no_reference_link,not_established
深圳市地铁集团有限公司,深圳市地铁集团有限公司,nominal_exit,1,exp8_20260703_0009,harvest_0214,,,unknown,doc_exp8_20260703_0009_003;doc_exp8_20260703_0009_006;doc_exp8_20260703_0009_008;doc_exp8_20260703_0009_010,,,false,,no_reference_link,not_established
深圳市特区建设发展集团有限公司,深圳市特区建设发展集团有限公司,nominal_exit,1,pilot_gd_002,master_0039,,,unknown,doc_gd_sz_tqjf_2025_mtn4_001;doc_gd_sz_tqjf_2025_mtn4_002;doc_gd_sz_tqjf_2025_mtn4_003;doc_gd_sz_tqjf_2025_mtn4_004;doc_gd_sz_tqjf_2025_mtn4_005;doc_gd_sz_tqjf_2025_mtn4_008,,,false,,no_reference_link,not_established
温州市交通运输集团有限公司,温州市交通运输集团有限公司,nominal_exit,1,sch_20260630_0066,harvest_0066,,,unknown,doc_sch_20260630_0066_001;doc_sch_20260630_0066_003;doc_sch_20260630_0066_005;doc_sch_20260630_0066_007,,,false,,no_reference_link,not_established
温州市工业与能源发展集团有限公司,温州市工业与能源发展集团有限公司,nominal_exit,2,sch_20260630_0031;sch_20260630_0095,harvest_0031;harvest_0095,,,unknown,doc_sch_20260630_0031_001;doc_sch_20260630_0031_005;doc_sch_20260630_0031_007;doc_sch_20260630_0031_008;doc_sch_20260630_0095_002;doc_sch_20260630_0095_004;doc_sch_20260630_0095_006;doc_sch_20260630_0095_009,,,false,,no_reference_link,not_established
湖北楚天智能交通股份有限公司,湖北楚天智能交通股份有限公司,nominal_exit,1,exp10_20260704_0192,harvest_0244,,,unknown,doc_exp10_20260704_0192_002;doc_exp10_20260704_0192_007,,,false,,no_reference_link,not_established
湖北荆门城建集团有限公司,湖北荆门城建集团有限公司,nominal_exit,1,sch_20260630_0110,harvest_0110,,,unknown,doc_sch_20260630_0110_001;doc_sch_20260630_0110_003,,,false,,no_reference_link,not_established
湖南省高速公路集团有限公司,湖南省高速公路集团有限公司,nominal_exit,1,exp10_20260704_0064,harvest_0240,,,unknown,doc_exp10_20260704_0064_005;doc_exp10_20260704_0064_007;doc_exp10_20260704_0064_010,,,false,,no_reference_link,not_established
湖州莫干山国有资本控股集团有限公司,湖州莫干山国有资本控股集团有限公司,nominal_exit,1,sch_20260630_0008,harvest_0008,sch_20260630_0008,nominal_exit,known,doc_sch_20260630_0008_011,2015,Issuer disclosure states that the company does not undertake government financing functions and that debt newly incurred since January 1 2015 is not local-government debt.,true,doc_sch_20260630_0008_011,not_established,not_established
溧阳市城市建设发展集团有限公司,溧阳市城市建设发展集团有限公司,nominal_exit,1,sch_20260630_0047,harvest_0047,sch_20260630_0047,nominal_exit,known,doc_sch_20260630_0047_001;doc_sch_20260630_0047_002;doc_sch_20260630_0047_003;doc_sch_20260630_0047_006;doc_sch_20260630_0047_007,2015,"Prospectus and legal-opinion disclosures state that the issuer does not undertake government financing functions, that new debt after January 1 2015 is not local-government debt, and that the current debt instrument will not add local-government or hidden debt.",true,doc_sch_20260630_0047_003;doc_sch_20260630_0047_006,not_established,not_established
益阳市交通投资运营集团有限公司,益阳市交通投资运营集团有限公司,nominal_exit,1,sch_20260630_0020,harvest_0020,expand_hn_yiyang_jiaotou,nominal_exit,known,doc_sch_20260630_0020_001;doc_sch_20260630_0020_003;doc_sch_20260630_0020_004;doc_sch_20260630_0020_006;doc_sch_20260630_0020_007;doc_sch_20260630_0020_008,2019,Prospectus disclosures state that the issuer stripped government financing functions and transformed into a marketized self-operating entity; a 2019 city-level platform transformation plan transferred the shareholder from the Finance Bureau to SASAC.,false,,not_established,not_established
盐城东方投资开发集团有限公司,盐城东方投资开发集团有限公司,nominal_exit,1,exp5_20260703_0034,harvest_0209,,,unknown,doc_exp5_20260703_0034_001;doc_exp5_20260703_0034_002;doc_exp5_20260703_0034_004,,,false,,no_reference_link,not_established
盐城市城南新区开发建设投资有限公司,盐城市城南新区开发建设投资有限公司,nominal_exit,1,sch_20260630_0049,harvest_0049,expand_js_yancheng_chengnan,nominal_exit,known,doc_sch_20260630_0049_001;doc_sch_20260630_0049_002;doc_sch_20260630_0049_003;doc_sch_20260630_0049_005;doc_sch_20260630_0049_006;doc_sch_20260630_0049_007,2015,Legal opinion states that the company does not undertake government financing functions and that new debt after January 1 2015 is not local-government debt; it also states that proceeds will not increase government or hidden debt and will not be directly repaid by fiscal funds.,false,,not_established,not_established
知识城广州投资集团有限公司,知识城(广州)投资集团有限公司,nominal_exit,2,sch_20260630_0025;sch_20260630_0053,harvest_0025;harvest_0053,sch_20260630_0025,nominal_exit,known,doc_sch_20260630_0025_004;doc_sch_20260630_0025_005;doc_sch_20260630_0053_001;doc_sch_20260630_0053_007,2015,Issuer disclosure states that the company does not undertake government financing functions and that debt newly incurred since January 1 2015 is not local-government debt.,true,doc_sch_20260630_0025_004;doc_sch_20260630_0025_005,not_established,not_established
石家庄市交通投资开发有限公司,石家庄市交通投资开发有限公司,nominal_exit,1,sch_20260630_0151,harvest_0151,sch_20260630_0151,nominal_exit,known,doc_sch_20260630_0151_001;doc_sch_20260630_0151_006;doc_sch_20260630_0151_007,2015,"The 2026 prospectus states that the issuer does not undertake government financing functions, that new debt after January 1 2015 is not local-government debt, and that the Shijiazhuang Finance Bureau was consulted on the absence of new government or hidden debt.",true,doc_sch_20260630_0151_001;doc_sch_20260630_0151_006,not_established,not_established
福州市城乡建总集团有限公司,福州市城乡建总集团有限公司,nominal_exit,1,exp6_20260703_0039,harvest_0211,,,unknown,doc_exp6_20260703_0039_001;doc_exp6_20260703_0039_002;doc_exp6_20260703_0039_005;doc_exp6_20260703_0039_008;doc_exp6_20260703_0039_009,,,false,,no_reference_link,not_established
绍兴滨海新区控股集团有限公司,绍兴滨海新区控股集团有限公司,nominal_exit,1,sch_20260630_0033,harvest_0033,sch_20260630_0033,nominal_exit,known,doc_sch_20260630_0033_001;doc_sch_20260630_0033_003;doc_sch_20260630_0033_004;doc_sch_20260630_0033_007,2015,Issuer disclosure states that the company does not undertake government financing functions and that debt newly incurred since January 1 2015 is not local-government debt.,true,doc_sch_20260630_0033_004,not_established,not_established
苏州吴中国太发展有限公司,苏州吴中国太发展有限公司,nominal_exit,1,sch_20260630_0007,harvest_0007,sch_20260630_0007,nominal_exit,known,doc_sch_20260630_0007_001;doc_sch_20260630_0007_005;doc_sch_20260630_0007_007;doc_sch_20260630_0007_008;doc_sch_20260630_0007_009,2015,Issuer disclosure states that the company does not undertake government financing functions and that debt newly incurred since January 1 2015 is not local-government debt.,true,doc_sch_20260630_0007_005;doc_sch_20260630_0007_008,not_established,not_established
苏州市相城城市建设投资集团有限公司,苏州市相城城市建设投资(集团)有限公司,nominal_exit,1,sch_20260630_0077,harvest_0077,expand_js_suzhou_xiangcheng,nominal_exit,known,doc_sch_20260630_0077_001;doc_sch_20260630_0077_002;doc_sch_20260630_0077_003;doc_sch_20260630_0077_004;doc_sch_20260630_0077_006;doc_sch_20260630_0077_007;doc_sch_20260630_0077_008,2015,Prospectus states that the government financing function has been orderly stripped and that identified government debt will be replaced through local government bonds; legal opinion and prospectus also state that the issue will not increase government or hidden debt and will not be directly repaid by fiscal funds.,false,,not_established,not_established
苏州市相城市政建设投资集团有限公司,苏州市相城市政建设投资(集团)有限公司,nominal_exit,1,exp6_20260703_0025,harvest_0212,,,unknown,doc_exp6_20260703_0025_001;doc_exp6_20260703_0025_003;doc_exp6_20260703_0025_004;doc_exp6_20260703_0025_005;doc_exp6_20260703_0025_007,,,false,,no_reference_link,not_established
苏州市轨道交通集团有限公司,苏州市轨道交通集团有限公司,nominal_exit,1,sch_20260630_0063,harvest_0063,,,unknown,doc_sch_20260630_0063_002;doc_sch_20260630_0063_004,,,false,,no_reference_link,not_established
苏州苏高新集团有限公司,苏州苏高新集团有限公司,nominal_exit,1,exp8_20260703_0212,harvest_0224,,,unknown,doc_exp8_20260703_0212_003;doc_exp8_20260703_0212_005,,,false,,no_reference_link,not_established
荆门市城市建设投资有限公司,荆门市城市建设投资有限公司,nominal_exit,1,sch_20260630_0164,harvest_0164,expand_hb_jingmen_chengtou,nominal_exit,known,doc_sch_20260630_0164_001;doc_sch_20260630_0164_002;doc_sch_20260630_0164_004;doc_sch_20260630_0164_005;doc_sch_20260630_0164_007;doc_sch_20260630_0164_008;doc_sch_20260630_0164_010,2015,Prospectus and legal-opinion disclosures state that the issuer does not undertake government financing functions after January 1 2015 and that new debt does not constitute local-government debt or hidden debt.,false,,not_established,not_established
荆门高新技术产业开发有限责任公司,荆门高新技术产业开发有限责任公司,nominal_exit,1,exp8_20260703_0087,harvest_0221,,,unknown,doc_exp8_20260703_0087_004;doc_exp8_20260703_0087_006;doc_exp8_20260703_0087_009,,,false,,no_reference_link,not_established
蚌埠市城市投资控股有限公司,蚌埠市城市投资控股有限公司,nominal_exit,1,exp_20260703_0001,harvest_0176,exp_20260703_0001,nominal_exit,known,doc_exp_20260703_0001_001;doc_exp_20260703_0001_004;doc_exp_20260703_0001_005;doc_exp_20260703_0001_006,2015,Prospectus states that the issuer does not undertake government financing functions and that debt newly incurred since January 1 2015 is not local-government debt.,true,doc_exp_20260703_0001_001;doc_exp_20260703_0001_005,not_established,not_established
西宁城市发展有限公司,西宁城市发展有限公司,nominal_exit,1,sch_20260630_0041,harvest_0041,,,unknown,doc_sch_20260630_0041_002;doc_sch_20260630_0041_003;doc_sch_20260630_0041_006,,,false,,no_reference_link,not_established
西部重庆科学城江津园区开发建设集团有限公司,西部(重庆)科学城江津园区开发建设集团有限公司,nominal_exit,1,sch_20260630_0168,harvest_0168,,,unknown,doc_sch_20260630_0168_001;doc_sch_20260630_0168_005;doc_sch_20260630_0168_006,,,false,,no_reference_link,not_established
许昌市城投发展集团有限公司,许昌市城投发展集团有限公司,nominal_exit,1,exp2_20260703_0001,harvest_0188,exp2_20260703_0001,nominal_exit,known,doc_exp2_20260703_0001_012;doc_exp2_20260703_0001_013,2015,Prospectus states that the issuer does not undertake government financing functions and that debt newly incurred since January 1 2015 is not local-government debt.,true,doc_exp2_20260703_0001_013,not_established,not_established
贵州高速公路集团有限公司,贵州高速公路集团有限公司,nominal_exit,1,exp10_20260704_0071,harvest_0241,,,unknown,doc_exp10_20260704_0071_002;doc_exp10_20260704_0071_005;doc_exp10_20260704_0071_006,,,false,,no_reference_link,not_established
重庆市永川区惠通建设发展有限公司,重庆市永川区惠通建设发展有限公司,nominal_exit,2,sch_20260630_0119;sch_20260630_0126,harvest_0119;harvest_0126,,,unknown,doc_sch_20260630_0119_001;doc_sch_20260630_0119_002;doc_sch_20260630_0119_003;doc_sch_20260630_0119_005;doc_sch_20260630_0126_001;doc_sch_20260630_0126_002;doc_sch_20260630_0126_003;doc_sch_20260630_0126_007,,,false,,no_reference_link,not_established
重庆市江津区滨江新城开发建设集团有限公司,重庆市江津区滨江新城开发建设集团有限公司,nominal_exit,1,sch_20260630_0167,harvest_0167,,,unknown,doc_sch_20260630_0167_006;doc_sch_20260630_0167_007,,,false,,no_reference_link,not_established
重庆市江津区珞璜开发建设有限公司,重庆市江津区珞璜开发建设有限公司,nominal_exit,1,sch_20260630_0094,harvest_0094,,,unknown,doc_sch_20260630_0094_001;doc_sch_20260630_0094_008,,,false,,no_reference_link,not_established
镇江文化广电产业集团有限公司,镇江文化广电产业集团有限公司,nominal_exit,1,exp8_20260703_0034,harvest_0218,,,unknown,doc_exp8_20260703_0034_004;doc_exp8_20260703_0034_005,,,false,,no_reference_link,not_established
镇江文化旅游产业集团有限责任公司,镇江文化旅游产业集团有限责任公司,nominal_exit,1,exp8_20260703_0088,harvest_0222,,,unknown,doc_exp8_20260703_0088_002;doc_exp8_20260703_0088_004;doc_exp8_20260703_0088_006;doc_exp8_20260703_0088_007,,,false,,no_reference_link,not_established
长沙天心城市发展集团有限公司,长沙天心城市发展集团有限公司,nominal_exit,1,sch_20260630_0024,harvest_0024,,,unknown,doc_sch_20260630_0024_005;doc_sch_20260630_0024_006;doc_sch_20260630_0024_007;doc_sch_20260630_0024_009;doc_sch_20260630_0024_010,,,false,,no_reference_link,not_established
陕西交通控股集团有限公司,陕西交通控股集团有限公司,nominal_exit,1,sch_20260630_0034,harvest_0034,,,unknown,doc_sch_20260630_0034_004;doc_sch_20260630_0034_005;doc_sch_20260630_0034_008,,,false,,no_reference_link,not_established
陕西建工控股集团有限公司,陕西建工控股集团有限公司,nominal_exit,4,sch_20260630_0072;sch_20260630_0123;sch_20260630_0153;sch_20260630_0171,harvest_0072;harvest_0123;harvest_0153;harvest_0171,,,unknown,doc_sch_20260630_0072_001;doc_sch_20260630_0072_007;doc_sch_20260630_0123_001;doc_sch_20260630_0123_005;doc_sch_20260630_0153_001;doc_sch_20260630_0153_004;doc_sch_20260630_0171_001;doc_sch_20260630_0171_007;doc_sch_20260630_0171_008,,,false,,no_reference_link,not_established
青岛上合控股发展集团有限公司,青岛上合控股发展集团有限公司,nominal_exit,1,sch_20260630_0175,harvest_0175,sch_20260630_0175,nominal_exit,known,doc_sch_20260630_0175_001;doc_sch_20260630_0175_002;doc_sch_20260630_0175_003;doc_sch_20260630_0175_005;doc_sch_20260630_0175_007,2015,Prospectus states that the issuer does not undertake government financing functions and that debt newly incurred since January 1 2015 is not local-government debt.,true,doc_sch_20260630_0175_001,not_established,not_established
青岛国信发展集团有限责任公司,青岛国信发展(集团)有限责任公司,nominal_exit,1,exp8_20260703_0017,harvest_0216,,,unknown,doc_exp8_20260703_0017_002;doc_exp8_20260703_0017_003;doc_exp8_20260703_0017_004;doc_exp8_20260703_0017_006;doc_exp8_20260703_0017_007,,,false,,no_reference_link,not_established
青岛胶州湾发展集团有限公司,青岛胶州湾发展集团有限公司,nominal_exit,1,sch_20260630_0145,harvest_0145,,,unknown,doc_sch_20260630_0145_004;doc_sch_20260630_0145_006,,,false,,no_reference_link,not_established
鹰潭市国有控股集团有限公司,鹰潭市国有控股集团有限公司,nominal_exit,1,exp8_20260703_0021,harvest_0217,,,unknown,doc_exp8_20260703_0021_003;doc_exp8_20260703_0021_004;doc_exp8_20260703_0021_005;doc_exp8_20260703_0021_006,,,false,,no_reference_link,not_established
黄山旅游集团有限公司,黄山旅游集团有限公司,nominal_exit,1,exp8_20260703_0250,harvest_0225,,,unknown,doc_exp8_20260703_0250_005;doc_exp8_20260703_0250_010;doc_exp8_20260703_0250_011,,,false,,no_reference_link,not_established
黄石市东楚投资集团有限公司,黄石市东楚投资集团有限公司,nominal_exit,1,sch_20260630_0054,harvest_0054,sch_20260630_0054,nominal_exit,known,doc_sch_20260630_0054_003;doc_sch_20260630_0054_005;doc_sch_20260630_0054_006;doc_sch_20260630_0054_008,2015,Issuer disclosure states that the company does not undertake government financing functions and that the debt instrument does not create new local-government debt.,true,doc_sch_20260630_0054_005;doc_sch_20260630_0054_008,not_established,not_established
黄石市城市发展投资集团有限公司,黄石市城市发展投资集团有限公司,nominal_exit,7,sch_20260630_0116;sch_20260630_0122;sch_20260630_0124;sch_20260630_0138;sch_20260630_0140;sch_20260630_0143;sch_20260630_0166,harvest_0116;harvest_0122;harvest_0124;harvest_0138;harvest_0140;harvest_0143;harvest_0166,expand_hb_huangshi_chengfa,nominal_exit,known,doc_sch_20260630_0116_001;doc_sch_20260630_0116_003;doc_sch_20260630_0116_005;doc_sch_20260630_0116_008;doc_sch_20260630_0122_002;doc_sch_20260630_0122_003;doc_sch_20260630_0122_005;doc_sch_20260630_0122_006;doc_sch_20260630_0124_003;doc_sch_20260630_0124_005;doc_sch_20260630_0124_007;doc_sch_20260630_0138_001;doc_sch_20260630_0138_003;doc_sch_20260630_0138_007;doc_sch_20260630_0138_008;doc_sch_20260630_0140_003;doc_sch_20260630_0140_005;doc_sch_20260630_0140_006;doc_sch_20260630_0140_008;doc_sch_20260630_0140_009;doc_sch_20260630_0143_003;doc_sch_20260630_0143_004;doc_sch_20260630_0143_006;doc_sch_20260630_0143_007;doc_sch_20260630_0143_008;doc_sch_20260630_0166_001;doc_sch_20260630_0166_003;doc_sch_20260630_0166_005;doc_sch_20260630_0166_007;doc_sch_20260630_0166_009,2015,Prospectus states that the company does not undertake government financing functions and that new debt after January 1 2015 is not local-government debt; the same issue also states that proceeds will not increase government or hidden debt and will not be directly repaid by fiscal funds.,false,,not_established,not_established
