case_id,company_name,province,city,official_exit_year,final_label,primary_evidence_doc,primary_evidence_lines,secondary_evidence_doc,secondary_evidence_lines,supplementary_source_id,reference_label_producer,human_confirmation_status
exp2_20260703_0001,许昌市城投发展集团有限公司,Henan,Xuchang,2015,nominal_exit,doc_exp2_20260703_0001_013,1216-1222;1230-1238,doc_exp2_20260703_0001_013,3912-3975;4316-4361,src_exp2_20260703_0001,Codex source-packet review on behalf of Shunyu Hao,pending_human_confirmation
exp2_20260703_0009,南京江北新城投资发展有限公司,Jiangsu,Nanjing,2015,nominal_exit,doc_exp2_20260703_0009_007,1198-1208;1475-1478;5522-5525,doc_exp2_20260703_0009_007;doc_exp2_20260703_0009_006,1211-1212;1456-1458,src_exp2_20260703_0009,Codex source-packet review on behalf of Shunyu Hao,pending_human_confirmation
exp_20260703_0001,蚌埠市城市投资控股有限公司,Anhui,Bengbu,2015,nominal_exit,doc_exp_20260703_0001_005,1277-1280,doc_exp_20260703_0001_001,2044-2063;2848-2858;8352-8359,src_exp_20260703_0001,Codex source-packet review on behalf of Shunyu Hao,pending_human_confirmation
exp_20260703_0008,晋中市公用基础设施投资控股(集团)有限公司,Shanxi,Jinzhong,2015,nominal_exit,doc_exp_20260703_0008_007,984-990;1121-1124,doc_exp_20260703_0008_007;doc_exp_20260703_0008_001,993-1002;999-1001,src_exp_20260703_0008,Codex source-packet review on behalf of Shunyu Hao,pending_human_confirmation
expand_ah_luan_chengtou,六安城市建设投资有限公司,Anhui,Lu'an,2015,nominal_exit,doc_ah_luan_chengtou_2026_scp3_001,166;3276-3285;3292-3335;3357-3364;3879-3896;4355-4360;4378-4382;4457-4462;4887-4897;5067-5100;5670,doc_ah_luan_chengtou_2026_scp3_007,390-397;506-519;537-548;551-560;596;906-931;936-937;957-972,src_ah_luan_chengtou_001,Codex source-packet review on behalf of Shunyu Hao,pending_human_confirmation
expand_ah_suzhou_chengtou,宿州市城市建设投资集团(控股)有限公司,Anhui,Suzhou,2015,nominal_exit,doc_ah_suzhou_chengtou_2026_mtn3_005,803-816;860-878;4506-4523;4555-4593;8024-8038;8834-8865,doc_ah_suzhou_chengtou_2026_mtn3_002;doc_ah_suzhou_chengtou_2026_mtn3_007,667-671;875-879;182-184;824-828;1107-1108,src_ah_suzhou_chengtou_001,Codex source-packet review on behalf of Shunyu Hao,pending_human_confirmation
expand_fj_fuzhou_chengtou,福州城市建设投资集团有限公司,Fujian,Fuzhou,2015,functional_transfer,doc_fj_fz_chengtou_2026_scp2_005,1055-1059;1167-1170;1218-1220,doc_fj_fz_chengtou_2026_scp2_005;doc_fj_fz_chengtou_2026_scp2_009,1082-1089;1185-1208;1894-1910;7622-7651;7663-7692;88-95;547-578;589-592;1155-1163,src_fj_fz_chengtou_001,Codex source-packet review on behalf of Shunyu Hao,pending_human_confirmation
expand_fj_fuzhou_guozi,福州国有资本投资运营集团有限公司,Fujian,Fuzhou,2022,functional_transfer,doc_fj_fz_guozi_2026_scp1_006,139-145;162-173;203-211;535-540,doc_fj_fz_guozi_2026_scp1_004;doc_fj_fz_guozi_2026_scp1_002,5959-5981;5982-6014;81-95;102-104;523-538;851-867,src_fj_fz_guozi_001,Codex source-packet review on behalf of Shunyu Hao,pending_human_confirmation
expand_gx_nanning_chengtou,南宁城市建设投资集团有限责任公司,Guangxi,Nanning,2018,nominal_exit,doc_gx_nanning_chengtou_2023_cp_prospectus,5216-5231;5204-5215,doc_gx_nanning_chengtou_2025_rating,86-106;263-266;520-553;827-835;919-922;1012-1020,src_gx_nanning_chengtou_2023_cp;src_gx_nanning_chengtou_2025_rating,Codex source-packet review on behalf of Shunyu Hao,pending_human_confirmation
expand_hb_huangshi_chengfa,黄石市城市发展投资集团有限公司,Hubei,Huangshi,2015,nominal_exit,doc_hb_huangshi_chengfa_2026_cp8_001,638-676;1136-1166;1248-1265;1290-1332;12340-12430,doc_hb_huangshi_chengfa_2026_cp8_003;doc_hb_huangshi_chengfa_2026_cp8_005;doc_hb_huangshi_chengfa_2026_cp8_008,1-120;1-120;1-120,src_hb_huangshi_chengfa_001,Codex source-packet review on behalf of Shunyu Hao,pending_human_confirmation
expand_hb_jingmen_chengtou,荆门市城市建设投资有限公司,Hubei,Jingmen,2015,nominal_exit,doc_hb_jingmen_chengtou_2026_cp1_002,1255-1269;1365-1367;1393-1422;1432-1435;2364-2377;2406-2408;2558-2568,doc_hb_jingmen_chengtou_2026_cp1_008,615-617;628-629;1012-1015;1023-1045;1047-1109;1121-1133;1895,src_hb_jingmen_chengtou_001,Codex source-packet review on behalf of Shunyu Hao,pending_human_confirmation
expand_hb_xiaogan_chengtou,孝感市城市建设投资公司,Hubei,Xiaogan,2015,functional_transfer,doc_hb_xg_chengtou_2026_mtn2_004,1147-1148;1248-1259;2168-2185,doc_hb_xg_chengtou_2026_mtn2_004;doc_hb_xg_chengtou_2026_mtn2_001,1213-1228;4400-4447;4590-4632;4672-4680;520-531;720-749,src_hb_xg_chengtou_001,Codex source-packet review on behalf of Shunyu Hao,pending_human_confirmation
expand_hen_luoyang_chengxiang,洛阳城乡建设投资集团有限公司,Henan,Luoyang,2015,nominal_exit,doc_hen_luoyang_chengxiang_2026_cp2_010,35;765;1336;1384-1395;3212;3469;4663;5328-5329;5386;6000;6068;6207,doc_hen_luoyang_chengxiang_2026_cp2_007,709-716;767-768;1685-1688;1859-1869;1875-1884,src_hen_luoyang_chengxiang_001,Codex source-packet review on behalf of Shunyu Hao,pending_human_confirmation
expand_hlj_harbin_chengtou,哈尔滨市城市建设投资集团有限公司,Heilongjiang,Harbin,2019,nominal_exit,doc_hlj_hrb_chengtou_2026_mtn1_003,4156-4162;4165-4178;4191-4195,doc_hlj_hrb_chengtou_2026_mtn1_003,938-941;944-971;975-981;5544-5565;5571-5574;5764-5792,src_hlj_hrb_chengtou_001,Codex source-packet review on behalf of Shunyu Hao,pending_human_confirmation
expand_hn_yiyang_jiaotou,益阳市交通投资运营集团有限公司,Hunan,Yiyang,2019,nominal_exit,doc_hn_yiyang_jiaotou_2026_mtn1_004,23;1100;1108-1118;1134-1143;1184-1185;1877-1884;2027-2044;2614-2622;2664-2669;3272-3273;3471-3472;5192-5193;5240-5245,doc_hn_yiyang_jiaotou_2026_mtn1_006,577-579;597-609;623-626;1006-1007;1014-1020;1053-1055;1062-1065;1125-1128,src_hn_yiyang_jiaotou_001,Codex source-packet review on behalf of Shunyu Hao,pending_human_confirmation
expand_js_changshu_invest,常熟市投资控股集团有限公司,Jiangsu,Changshu,2015,functional_transfer,doc_js_changshu_invest_2026_mtn3_001,18-21;464-475;523-532;549-553;655-662;731-732;1156-1175;6509-6528,doc_js_changshu_invest_2026_mtn3_002,157-160;363-375;381-384;1802-1821,src_js_changshu_invest_001,Codex source-packet review on behalf of Shunyu Hao,pending_human_confirmation
expand_js_huaian_touzi,淮安市投资控股集团有限公司,Jiangsu,Huai'an,2011,nominal_exit,doc_js_huaian_touzi_2026_scp3_007,1039-1040;1052-1058;1065;1252;4712-4732;4765-4767;4866-4867,doc_js_huaian_touzi_2026_scp3_007,172-173;478-483;516-517;598-602;997-998;2016-2027;3249-3277;3636-3655;3731-3733;3752-3757,src_js_huaian_touzi_001,Codex source-packet review on behalf of Shunyu Hao,pending_human_confirmation
expand_js_jiangning_guozi,南京江宁国有资产经营集团有限公司,Jiangsu,Nanjing Jiangning,2015,nominal_exit,doc_js_jiangning_guozi_2026_mtn1_004,18-20;154-163;383-411;885-905;1716-1722;1727-1747;1766-1774;1785-1824;2285-2321,doc_js_jiangning_guozi_2026_mtn1_008,128-135,src_js_jiangning_guozi_001,Codex source-packet review on behalf of Shunyu Hao,pending_human_confirmation
expand_js_suzhou_xiangcheng,苏州市相城城市建设投资(集团)有限公司,Jiangsu,Suzhou Xiangcheng,2015,nominal_exit,doc_js_suzhou_xiangcheng_2026_scp3_008,2973-2992;3008-3023;3437;3475-3476;3524-3525;4176-4185;4196-4199;4238,doc_js_suzhou_xiangcheng_2026_scp3_004,452-454;588-611;613-616;684,src_js_suzhou_xiangcheng_001,Codex source-packet review on behalf of Shunyu Hao,pending_human_confirmation
expand_js_taizhou_chengtou,泰州市城市建设投资集团有限公司,Jiangsu,Taizhou,2019,nominal_exit,doc_js_taizhou_chengtou_2026_scp5_007,5114-5115;5196-5204;5243;5254;5270;5697-5698;6957-6961;7007;7061;7171-7172;9739-9740;9756-9757;9767;10130;10184,doc_js_taizhou_chengtou_2026_scp5_001,613-626;640-648;651;1374-1391,src_js_taizhou_chengtou_001,Codex source-packet review on behalf of Shunyu Hao,pending_human_confirmation
expand_js_taizhou_jindong,泰州市金东城市建设投资集团有限公司,Jiangsu,Taizhou,2015,functional_transfer,doc_js_tz_jindong_2026_mtn1_002,857-862;1164-1190;3148-3160,doc_js_tz_jindong_2026_mtn1_002,1983-2022;2224-2256;2257-2268;3120-3143;3181-3221;4860-4872;4958-4962,src_js_tz_jindong_001,Codex source-packet review on behalf of Shunyu Hao,pending_human_confirmation
expand_js_xinghua_guotou,泰州市兴化国有资产投资控股有限公司,Jiangsu,Xinghua,2015,nominal_exit,doc_js_xinghua_guotou_2026_mtn2_004,21-22;1040-1043;3712-3717;3742-3743;3886-3887;5247-5255,doc_js_xinghua_guotou_2026_mtn2_008,1081-1088;1174-1178;1616-1617;1955-1967;2044-2048;2274;2285;2390-2392,src_js_xinghua_guotou_001,Codex source-packet review on behalf of Shunyu Hao,pending_human_confirmation
expand_js_yancheng_chengnan,盐城市城南新区开发建设投资有限公司,Jiangsu,Yancheng,2015,nominal_exit,doc_js_yancheng_chengnan_2026_mtn2_003,3098-3192;3988-4096;5260-5270,doc_js_yancheng_chengnan_2026_mtn2_005;doc_js_yancheng_chengnan_2026_mtn2_007,382-408;496-532;1530-1538,src_js_yancheng_chengnan_001,Codex source-packet review on behalf of Shunyu Hao,pending_human_confirmation
expand_js_yixing_chengfa,宜兴市城市发展投资有限公司,Jiangsu,Yixing,2015,functional_transfer,doc_js_yx_chengfa_2026_mtn1_003,1052-1092;2097-2126;2140-2166;3901-3907;3945-3951;4611-4612;4676-4677;4793-4808;4823-4833,doc_js_yx_chengfa_2026_mtn1_004,588-601;700-714;727-730,src_js_yx_chengfa_001,Codex source-packet review on behalf of Shunyu Hao,pending_human_confirmation
expand_js_zhangjiagang_chengtou,张家港市城市投资发展集团有限公司,Jiangsu,Zhangjiagang,2018,nominal_exit,doc_js_zhangjiagang_chengtou_2026_scp2_005,3831-3848;4085-4098;4119-4126;4641-4650;4691-4702;4734-4738;5238-5242;5292-5300;5389;5397;5638-5645,doc_js_zhangjiagang_chengtou_2026_scp2_004,315-318;503-509;598-609;1015-1028;1051-1089;1093-1097;1117;1186,src_js_zhangjiagang_chengtou_001,Codex source-packet review on behalf of Shunyu Hao,pending_human_confirmation
expand_js_zhenjiang_industry,镇江产业投资控股集团有限公司,Jiangsu,Zhenjiang,2023,nominal_exit,doc_js_zhenjiang_industry_2026_cp3_003,138-145;366-380;397-400;642-645;650-668;953-980;996-1022;1140-1173,doc_js_zhenjiang_industry_2026_cp3_005,511-520;533-549;563-571;6163-6175;7915-7936,src_js_zhenjiang_industry_001,Codex source-packet review on behalf of Shunyu Hao,pending_human_confirmation
expand_jx_fuzhou_guozi,抚州市市属国有资产投资控股集团有限公司,Jiangxi,Fuzhou,2015,nominal_exit,doc_jx_fuzhou_guozi_2026_cp1_006,17-18;1135-1136;1141-1158;1165;5065-5073,doc_jx_fuzhou_guozi_2026_cp1_006,471;684;1074-1085;2726-2782;2953-2954;2971-3028;3133-3139;5164-5208;5239-5248;6019;6102;7180-7182,src_jx_fuzhou_guozi_001,Codex source-packet review on behalf of Shunyu Hao,pending_human_confirmation
expand_jx_jian_chengtou,吉安市城市建设投资开发有限公司,Jiangxi,Ji'an,2015,nominal_exit,doc_jx_jian_chengtou_2026_cp1_002,500-530;653-683;692-699;720-728;1049;1077-1078,doc_jx_jian_chengtou_2026_cp1_005;doc_jx_jian_chengtou_2026_cp1_003,425-426;460-462;502-510;4318;4382-4401;6492-6494;6619-6627;7327-7332;55-56;112-117;232-236,src_jx_jian_chengtou_001,Codex source-packet review on behalf of Shunyu Hao,pending_human_confirmation
expand_jx_jingdezhen_chengtou,景德镇市城市建设投资集团有限责任公司,Jiangxi,Jingdezhen,2015,nominal_exit,doc_jx_jingdezhen_chengtou_2026_cp1_006,1056-1057;1195-1196;4282-4283;163-164;595-599;1089-1106;2100-2103;2586-2600;2615-2664;2819-2849,doc_jx_jingdezhen_chengtou_2026_cp1_005,391;408;471;509-513;760,src_jx_jingdezhen_chengtou_001,Codex source-packet review on behalf of Shunyu Hao,pending_human_confirmation
expand_jx_shangrao_chengtou,上饶市城市建设投资开发集团有限公司,Jiangxi,Shangrao,2015,nominal_exit,doc_jx_shangrao_chengtou_2026_cp1_007,1083-1086;1195-1198;1212-1219;1225-1226;1238-1242;2988-2989;3143-3159;3182-3191,doc_jx_shangrao_chengtou_2026_cp1_004,1538-1541;1759-1761;2044-2084;2094-2099;2775;2796-2806;2911,src_jx_shangrao_chengtou_001,Codex source-packet review on behalf of Shunyu Hao,pending_human_confirmation
expand_jx_zhanggong_jiantou,赣州市章贡区建设投资集团有限公司,Jiangxi,Ganzhou Zhanggong,2015,nominal_exit,doc_jx_zg_jiantou_2026_mtn1_003,1057-1088;1169-1194;1914-1931;2018-2025;2106-2121;2180-2187;2248-2257,doc_jx_zg_jiantou_2026_mtn1_005;doc_jx_zg_jiantou_2026_mtn1_001,687-719;809-826;861-870;980-1005;153-156;252-289;485-488;609-613,src_jx_zg_jiantou_001,Codex source-packet review on behalf of Shunyu Hao,pending_human_confirmation
expand_sc_leshan_guozi,乐山国有资产投资运营(集团)有限公司,Sichuan,Leshan,2011,nominal_exit,doc_sc_leshan_guozi_2026_scp2_004,813-818;1151-1153;1164-1175;1184-1185;3601-3653,doc_sc_leshan_guozi_2026_scp2_004,162-178;430;590-593;648-656;725;743-745;2037-2038;2169-2170;2523-2535;2776-2808;2932-2942;4248;4344;4369,src_sc_leshan_guozi_001,Codex source-packet review on behalf of Shunyu Hao,pending_human_confirmation
expand_sd_dezhou_deda,德州德达投资控股集团有限公司,Shandong,Dezhou,2016,nominal_exit,doc_sd_dezhou_deda_2026_cp1_001,812-817;1439-1457,doc_sd_dezhou_deda_2026_cp1_002,4984-5050;5900-5925;6142-6143;7018;7121;7262;7645;9799,src_sd_dezhou_deda_001,Codex source-packet review on behalf of Shunyu Hao,pending_human_confirmation
expand_sd_jinan_chengjian,济南城市建设集团有限公司,Shandong,Jinan,2015,nominal_exit,doc_sd_jn_chengjian_2026_scp4_007,954-960;1062-1068,doc_sd_jn_chengjian_2026_scp4_007,1078-1088;1094-1117;2719-2725;2761-2788;2813-2821;2966-2986;4140-4169;4170-4183,src_sd_jn_chengjian_001,Codex source-packet review on behalf of Shunyu Hao,pending_human_confirmation
expand_sd_linyi_chengtou,临沂城市建设投资集团有限公司,Shandong,Linyi,2015,nominal_exit,doc_sd_linyi_chengtou_2026_cp2_004,939-945;1058-1078;4631-4650;5335-5339;5440-5459,doc_sd_linyi_chengtou_2026_cp2_005;doc_sd_linyi_chengtou_2026_cp2_006,492-501;594-610;813-814;145-147;525-526;1317-1319;1347-1380,src_sd_linyi_chengtou_001,Codex source-packet review on behalf of Shunyu Hao,pending_human_confirmation
expand_tj_jinghai_chengtou,天津市静海城市基础设施建设投资集团有限公司,Tianjin,Jinghai,2011,nominal_exit,doc_tj_jh_chengtou_2026_mtn1_002,3336-3346;1004-1021;3374-3393,doc_tj_jh_chengtou_2026_mtn1_007;doc_tj_jh_chengtou_2026_mtn1_008,287-295;344-354;408-414;709-729;627-634,src_tj_jh_chengtou_001,Codex source-packet review on behalf of Shunyu Hao,pending_human_confirmation
expand_tj_jinnan_chengtou,天津津南城市建设投资有限公司,Tianjin,Tianjin Jinnan,2015,nominal_exit,doc_tj_jinnan_chengtou_2026_scp6_009,190-204;508-519;600-639;670-681;731-761;773-838;909-916;935-941;1025,doc_tj_jinnan_chengtou_2026_scp6_006,3895-3902;3960-3961;4133-4140;4146-4157;4166-4223;4233-4259;5050-5063;5322-5334;5502-5504;5817,src_tj_jinnan_chengtou_001,Codex source-packet review on behalf of Shunyu Hao,pending_human_confirmation
expand_xj_urumqi_chengtou,乌鲁木齐城市建设投资(集团)有限公司,Xinjiang,Urumqi,2015,nominal_exit,doc_xj_wlmq_chengtou_2026_mtn2_003,1055-1060;1104-1105;1185-1191,doc_xj_wlmq_chengtou_2026_mtn2_003;doc_xj_wlmq_chengtou_2026_mtn2_006,568-621;767-777;1115-1136;1138-1165;1178-1191;2441-2454;2490-2523;2538-2554;80-87;154-156;385-395;415-421;478-482;956-962,src_xj_wlmq_chengtou_001,Codex source-packet review on behalf of Shunyu Hao,pending_human_confirmation
expand_zj_wenling_guotou,温岭市国有资产投资集团有限公司,Zhejiang,Wenling,2015,functional_transfer,doc_zj_wl_guotou_2026_mtn2_005,985-987;999-1019;497-501;584-588;2381-2388;2427-2430,doc_zj_wl_guotou_2026_mtn2_003,323-342,src_zj_wl_guotou_001,Codex source-packet review on behalf of Shunyu Hao,pending_human_confirmation
expand_zj_yuyao_chengtou,余姚市城市建设投资发展有限公司,Zhejiang,Yuyao,2015,nominal_exit,doc_zj_yuyao_chengtou_2026_mtn1_001,1162-1168;1179-1196;4005-4020,doc_zj_yuyao_chengtou_2026_mtn1_001;doc_zj_yuyao_chengtou_2026_mtn1_004,5764-5811;6371-6440;89-100;160-179;342-369,src_zj_yy_chengtou_001,Codex source-packet review on behalf of Shunyu Hao,pending_human_confirmation
pilot_gd_001,广州市城市建设投资集团有限公司,Guangdong,Guangzhou,2014,substantive_exit,doc_gd_gz_chengtou_2026_mtn4_004,927-931;6537-6548;6756-6761,doc_gd_gz_chengtou_2018_tracking_rating;doc_gd_gz_chengtou_2018_swap_plan,657-668;14-27,src_gd_gz_001;src_gd_gz_007,Codex source-packet review on behalf of Shunyu Hao,pending_human_confirmation
pilot_gd_001_alt_metro,广州地铁集团有限公司,Guangdong,Guangzhou,2015,nominal_exit,doc_gd_gz_metro_2025_mtn_009,839-867;984-986,doc_gd_gz_metro_2025_mtn_006;doc_gd_gz_metro_2025_mtn_008,65-68;120-124;329-337;676-697;61-65;161-165;423-437;773-789,src_gd_gz_003,Codex source-packet review on behalf of Shunyu Hao,pending_human_confirmation
pilot_gd_003,佛山市建设发展集团有限公司,Guangdong,Foshan,2018,functional_transfer,doc_gd_fs_jiantou_2025_mtn_prospectus,5102-5105;5137-5140,doc_gd_fs_jiantou_2025_mtn_prospectus,3994-3999;4011-4014;5113-5119;5187-5189,src_gd_fs_001,Codex source-packet review on behalf of Shunyu Hao,pending_human_confirmation
pilot_hn_002,株洲市国有资产投资控股集团有限公司,Hunan,Zhuzhou,2013,nominal_exit,doc_hn_zz_guotou_2026_scp1_003,4558-4575;4656-4665;3888-3907;4488-4499;4677-4688,doc_hn_zz_guotou_2026_scp1_005,1248-1265,src_hn_zz_001;src_hn_zz_002,Codex source-packet review on behalf of Shunyu Hao,pending_human_confirmation
pilot_hn_004,衡阳市城市建设投资有限公司,Hunan,Hengyang,2020,nominal_exit,doc_hn_hy_chengtou_2026_mtn2_prospectus,3465-3472,doc_hn_hy_chengtou_2026_mtn2_prospectus,1422-1424;2398-2401;2413-2416;2893-2896;3660-3663,src_hn_hy_001,Codex source-packet review on behalf of Shunyu Hao,pending_human_confirmation
pilot_js_001_alt_metro,南京地铁集团有限公司,Jiangsu,Nanjing,2015,nominal_exit,doc_js_nj_metro_2025_mtn2_004,1103-1110;1114-1131;904-990,doc_js_nj_metro_2025_mtn2_004;doc_js_nj_metro_2025_mtn2_002,496-517;2917-2919;10852-10864;10888-10891;10992-10998;11015-11020;64-69;98-118;103-103,src_js_nj_002,Codex source-packet review on behalf of Shunyu Hao,pending_human_confirmation
pilot_js_002,苏州城市建设投资发展集团有限公司,Jiangsu,Suzhou,2015,nominal_exit,doc_js_sz_chengtou_2026_mtn1_009,868-886;916-919;4792-4820,doc_js_sz_chengtou_2026_mtn1_009;doc_js_sz_chengtou_2026_mtn1_006,5002-5018;5928-5962;6498-6540;2248-2262;3666-3695,src_js_sz_002,Codex source-packet review on behalf of Shunyu Hao,pending_human_confirmation
pilot_js_003,盐城市城市资产投资集团有限公司,Jiangsu,Yancheng,2015,nominal_exit,doc_js_yc_chengzi_2025_mtn2_prospectus,928-929,doc_js_yc_chengzi_2025_mtn2_prospectus,1030-1043;2003-2006;2537-2544,src_js_yc_001,Codex source-packet review on behalf of Shunyu Hao,pending_human_confirmation
pilot_js_004,徐州市新盛投资控股集团有限公司,Jiangsu,Xuzhou,2015,nominal_exit,doc_js_xz_xinsheng_2026_mtn6_prospectus,1395-1398,doc_js_xz_xinsheng_2026_mtn6_prospectus,503-505;672-674;721-724;6070-6073;9006-9007,src_js_xz_001,Codex source-packet review on behalf of Shunyu Hao,pending_human_confirmation
pilot_sc_001,成都城建投资管理集团有限责任公司,Sichuan,Chengdu,2015,nominal_exit,doc_sc_cd_chengtou_2023_mtn3_prospectus,1662-1670;4884-4892;4902-4916,doc_sc_cd_chengtou_2023_mtn3_prospectus,1681-1696;8909-8942,src_sc_cd_002,Codex source-packet review on behalf of Shunyu Hao,pending_human_confirmation
pilot_sc_003,泸州市兴泸投资集团有限公司,Sichuan,Luzhou,2015,nominal_exit,doc_sc_lz_xinglu_2023_mtn1_007;doc_sc_lz_xinglu_2018_mtn1_prospectus,902-908;2770-2817,doc_sc_lz_xinglu_2023_mtn1_007;doc_sc_lz_xinglu_2023_mtn1_003;doc_sc_lz_xinglu_2015_bond_prospectus,2384-2414;2420-2494;900-930;1503-1508;1695-1731;1899-1904;2601-2608,src_sc_lz_xinglu_001;src_sc_lz_xinglu_002;src_sc_lz_xinglu_003;src_sc_lz_xinglu_004;src_sc_lz_xinglu_005,Codex source-packet review on behalf of Shunyu Hao,pending_human_confirmation
pilot_sd_001,济南城市投资集团有限公司,Shandong,Jinan,2015,nominal_exit,doc_sd_jn_chengtou_2025_mtn1_prospectus,1193-1199;4572-4573,doc_sd_jn_chengtou_2025_mtn1_prospectus,2389-2392;2453-2455;3322-3324;8538-8541,src_sd_jn_001,Codex source-packet review on behalf of Shunyu Hao,pending_human_confirmation
pilot_sd_002,青岛城市建设投资(集团)有限责任公司,Shandong,Qingdao,2015,nominal_exit,doc_sd_qd_chengtou_2026_mtn2_001,1297-1324;2187-2194,doc_sd_qd_chengtou_2026_mtn2_001,2203-2282;2645-2691;10216-10220,src_sd_qd_002,Codex source-packet review on behalf of Shunyu Hao,pending_human_confirmation
pilot_sn_xian_hightech,西安高新控股有限公司,Shaanxi,Xian,2012,nominal_exit,doc_sn_xa_hightech_2026_mtn6_006,774-783;656-663;724-728,doc_sn_xa_hightech_2020_mtn1_005;doc_sn_xa_hightech_2020_mtn1_002,520-531;544-571,src_sn_xa_003,Codex source-packet review on behalf of Shunyu Hao,pending_human_confirmation
pilot_zj_001,杭州市城市建设投资集团有限公司,Zhejiang,Hangzhou,2022,functional_transfer,doc_zj_hz_chengtou_2024_mtn1_prospectus,1188-1192;222-228;272-288,doc_zj_hz_chengtou_2024_rating,69-81;441-449;947-1018,src_zj_hz_001,Codex source-packet review on behalf of Shunyu Hao,pending_human_confirmation
pilot_zj_002,宁波开发投资集团有限公司,Zhejiang,Ningbo,2015,substantive_exit,doc_zj_nb_kaitou_2026_mtn4_prospectus,927-932,doc_zj_nb_kaitou_2026_mtn4_prospectus,5451-5454,src_zj_nb_001,Codex source-packet review on behalf of Shunyu Hao,pending_human_confirmation
pilot_zj_003,温州市名城建设投资集团有限公司,Zhejiang,Wenzhou,2015,functional_transfer,doc_zj_wz_mingcheng_2026_mtn2_prospectus,1054-1055;3239-3242;5606-5608,doc_zj_wz_mingcheng_2026_mtn2_prospectus,4115-4118;10468-10471;10549-10552;12059-12062,src_zj_wz_001,Codex source-packet review on behalf of Shunyu Hao,pending_human_confirmation
sch_20260630_0005,河北顺德投资集团有限公司,Hebei,Xingtai,2015,nominal_exit,doc_sch_20260630_0005_005,1593-1596;199-208;210-217;1572-1583,doc_sch_20260630_0005_005,1900-1904;1935-1949;2052-2061;2077-2101,src_sch_20260630_0005,Codex source-packet review on behalf of Shunyu Hao,pending_human_confirmation
sch_20260630_0006,济南高新控股集团有限公司,Shandong,Jinan,2015,nominal_exit,doc_sch_20260630_0006_007,1559-1574,doc_sch_20260630_0006_002,79-85,src_sch_20260630_0006,Codex source-packet review on behalf of Shunyu Hao,pending_human_confirmation
sch_20260630_0007,苏州吴中国太发展有限公司,Jiangsu,Suzhou,2015,nominal_exit,doc_sch_20260630_0007_008,1158-1169;435-459,doc_sch_20260630_0007_005,83-107,src_sch_20260630_0007,Codex source-packet review on behalf of Shunyu Hao,pending_human_confirmation
sch_20260630_0008,湖州莫干山国有资本控股集团有限公司,Zhejiang,Huzhou,2015,nominal_exit,doc_sch_20260630_0008_011,1416-1424;1539-1554,doc_sch_20260630_0008_011,570-586;4111-4124,src_sch_20260630_0008,Codex source-packet review on behalf of Shunyu Hao,pending_human_confirmation
sch_20260630_0013,嘉兴科技城投资发展集团有限公司,Zhejiang,Jiaxing,2015,nominal_exit,doc_sch_20260630_0013_009,1078-1083;180-197,doc_sch_20260630_0013_009,516-526;537-548;569-590;606-608,src_sch_20260630_0013,Codex source-packet review on behalf of Shunyu Hao,pending_human_confirmation
sch_20260630_0014,河南航空港投资集团有限公司,Henan,Zhengzhou,2015,nominal_exit,doc_sch_20260630_0014_009;doc_sch_20260630_0014_001,1078-1089;929-939;551-565,doc_sch_20260630_0014_009,179-192;1131-1166;1485-1540,src_sch_20260630_0014,Codex source-packet review on behalf of Shunyu Hao,pending_human_confirmation
sch_20260630_0015,徐州经济技术开发区国有资产经营有限责任公司,Jiangsu,Xuzhou,2015,nominal_exit,doc_sch_20260630_0015_007,1457-1460;153-155;570-577;597-600;645-675,doc_sch_20260630_0015_008,375-386;434-441;564-565,src_sch_20260630_0015,Codex source-packet review on behalf of Shunyu Hao,pending_human_confirmation
sch_20260630_0017,浙江安吉国控建设发展集团有限公司,Zhejiang,Anji,2015,nominal_exit,doc_sch_20260630_0017_002,1268-1278,doc_sch_20260630_0017_005,418-423;449-462;988-1004,src_sch_20260630_0017,Codex source-packet review on behalf of Shunyu Hao,pending_human_confirmation
sch_20260630_0019,江苏腾海投资控股集团有限公司,Jiangsu,Haian,2015,nominal_exit,doc_sch_20260630_0019_007,1012-1024;1107-1145;453-457;522-533;554-558;601-606;634-637;661-707;1091-1117;1122-1136;1273-1315;1975-1985;2016-2093,doc_sch_20260630_0019_003;doc_sch_20260630_0019_006,930-947;960-979;1477-1488;1625-1648;2021-2035;2107-2178,src_sch_20260630_0019,Codex source-packet review on behalf of Shunyu Hao,pending_human_confirmation
sch_20260630_0021,泰兴市中兴国有资产经营投资集团有限公司,Jiangsu,Taixing,2015,nominal_exit,doc_sch_20260630_0021_009;doc_sch_20260630_0021_006,1114-1129;290-310,doc_sch_20260630_0021_009;doc_sch_20260630_0021_006,491-495;1207-1229;1407-1418;523-540,src_sch_20260630_0021,Codex source-packet review on behalf of Shunyu Hao,pending_human_confirmation
sch_20260630_0025,知识城(广州)投资集团有限公司,Guangdong,Guangzhou,2015,nominal_exit,doc_sch_20260630_0025_004,1335-1340;1460-1465,doc_sch_20260630_0025_005,1519-1529;1571-1580;1615-1629,src_sch_20260630_0025,Codex source-packet review on behalf of Shunyu Hao,pending_human_confirmation
sch_20260630_0027,建安投资控股集团有限公司,Anhui,Bozhou,2015,nominal_exit,doc_sch_20260630_0027_003,970-986;1121-1161;2078-2117;2292-2305;2333-2368;2428-2435;3468-3481;10032-10036;10245-10259;10287-10324;19362-19368;22136-22172;22303-22330,doc_sch_20260630_0027_005;doc_sch_20260630_0027_001,380-392;506-518;1491-1498;1904-1909;2120-2125;3270-3273;3391-3394,src_sch_20260630_0027,Codex source-packet review on behalf of Shunyu Hao,pending_human_confirmation
sch_20260630_0028,寿光市金旭产业发展集团有限公司,Shandong,Shouguang,2015,nominal_exit,doc_sch_20260630_0028_004,598-602;694-710,doc_sch_20260630_0028_004,718-731;1397-1405,src_sch_20260630_0028,Codex source-packet review on behalf of Shunyu Hao,pending_human_confirmation
sch_20260630_0029,江阴高新区投资开发有限公司,Jiangsu,Jiangyin,2015,nominal_exit,doc_sch_20260630_0029_002,1286-1288;483-509;549-568;577-588,doc_sch_20260630_0029_004,376-382;434-436;475-477,src_sch_20260630_0029,Codex source-packet review on behalf of Shunyu Hao,pending_human_confirmation
sch_20260630_0032,亳州城建发展控股集团有限公司,Anhui,Bozhou,2015,nominal_exit,doc_sch_20260630_0032_008,450-456;494-501,doc_sch_20260630_0032_008,515-543;780-818,src_sch_20260630_0032,Codex source-packet review on behalf of Shunyu Hao,pending_human_confirmation
sch_20260630_0033,绍兴滨海新区控股集团有限公司,Zhejiang,Shaoxing,2015,nominal_exit,doc_sch_20260630_0033_004,1315-1323,doc_sch_20260630_0033_004,180-188,src_sch_20260630_0033,Codex source-packet review on behalf of Shunyu Hao,pending_human_confirmation
sch_20260630_0035,嘉善县高新科技园区建设投资有限公司,Zhejiang,Jiashan,2015,nominal_exit,doc_sch_20260630_0035_005,1248-1251;493-498;523-566;573-577,doc_sch_20260630_0035_002,382-389;811-814;416-418;769-805,src_sch_20260630_0035,Codex source-packet review on behalf of Shunyu Hao,pending_human_confirmation
sch_20260630_0044,丹阳投资集团有限公司,Jiangsu,Danyang,2015,nominal_exit,doc_sch_20260630_0044_004,1716-1724,doc_sch_20260630_0044_003,58-80,src_sch_20260630_0044,Codex source-packet review on behalf of Shunyu Hao,pending_human_confirmation
sch_20260630_0046,徐州市交通控股集团有限公司,Jiangsu,Xuzhou,2015,nominal_exit,doc_sch_20260630_0046_003;doc_sch_20260630_0046_004,1264-1270;558-563,doc_sch_20260630_0046_003;doc_sch_20260630_0046_004,485-490;497-505;1374-1435;1517-1535;1823-1849;132-143,src_sch_20260630_0046,Codex source-packet review on behalf of Shunyu Hao,pending_human_confirmation
sch_20260630_0047,溧阳市城市建设发展集团有限公司,Jiangsu,Liyang,2015,nominal_exit,doc_sch_20260630_0047_006,1355-1356;492-505;522-534;603-605,doc_sch_20260630_0047_003,752-755;777-777;921-926,src_sch_20260630_0047,Codex source-packet review on behalf of Shunyu Hao,pending_human_confirmation
sch_20260630_0048,常州市交通产业集团有限公司,Jiangsu,Changzhou,2011,nominal_exit,doc_sch_20260630_0048_003;doc_sch_20260630_0048_007,1402-1412;1251-1264,doc_sch_20260630_0048_007,199-211;1270-1309;1311-1339;1549-1568;1623-1652,src_sch_20260630_0048,Codex source-packet review on behalf of Shunyu Hao,pending_human_confirmation
sch_20260630_0051,北京未来科学城发展集团有限公司,Beijing,Beijing,2015,nominal_exit,doc_sch_20260630_0051_003,1582-1582;3176-3176;226-264;699-700,doc_sch_20260630_0051_005;doc_sch_20260630_0051_001,111-114;263-286;737-741;681-690;1278-1279,src_sch_20260630_0051,Codex source-packet review on behalf of Shunyu Hao,pending_human_confirmation
sch_20260630_0052,南京市交通建设投资控股(集团)有限责任公司,Jiangsu,Nanjing,2015,nominal_exit,doc_sch_20260630_0052_007,929-941;1030-1041;1018-1019;1042-1048;1126-1133;1189-1198;4683-4691;4710-4713;4812-4824;5980-6023;6070-6094;6338-6345;6397-6400,doc_sch_20260630_0052_001;doc_sch_20260630_0052_008,108-133;1145-1153;2028-2060;2494-2506;2658-2668;3428-3472;3668-3678;4420-4462;52-57;72-83,src_sch_20260630_0052,Codex source-packet review on behalf of Shunyu Hao,pending_human_confirmation
sch_20260630_0054,黄石市东楚投资集团有限公司,Hubei,Huangshi,2015,nominal_exit,doc_sch_20260630_0054_005,64-67;1338-1346,doc_sch_20260630_0054_008,128-136;1303-1311,src_sch_20260630_0054,Codex source-packet review on behalf of Shunyu Hao,pending_human_confirmation
sch_20260630_0055,上饶创新发展产业投资集团有限公司,Jiangxi,Shangrao,2015,nominal_exit,doc_sch_20260630_0055_001,6541-6561;6585-6608;6692-6848;6888-6904;6923-6943;7362-7364;7411-7413;7491-7522;7644-7652;12390-12394;13870-13902,doc_sch_20260630_0055_006;doc_sch_20260630_0055_007,120-140;170-180;500-514;812-830;1710-1846;1850-1856;2080-2100;2150-2189;2290-2299,src_sch_20260630_0055,Codex source-packet review on behalf of Shunyu Hao,pending_human_confirmation
sch_20260630_0056,新疆城建(集团)股份有限公司,Xinjiang,Urumqi,2015,nominal_exit,doc_sch_20260630_0056_005,1238-1241;767-792;832-833;1246-1248,doc_sch_20260630_0056_003,1081-1082;234-234;403-405;1066-1074,src_sch_20260630_0056,Codex source-packet review on behalf of Shunyu Hao,pending_human_confirmation
sch_20260630_0057,常州天宁建设发展集团有限公司,Jiangsu,Changzhou,2015,nominal_exit,doc_sch_20260630_0057_004,1222-1231,doc_sch_20260630_0057_004,175-192,src_sch_20260630_0057,Codex source-packet review on behalf of Shunyu Hao,pending_human_confirmation
sch_20260630_0068,嘉兴市嘉秀发展投资控股集团有限公司,Zhejiang,Jiaxing,2015,nominal_exit,doc_sch_20260630_0068_003,532-542;1007-1037;126-144;156-160;183-209;571-573;860-891;1011-1022;1225-1228,doc_sch_20260630_0068_004,894-904;1019-1047;177-184;409-439;477-480;522-527;552-557;653-662;2060-2082;2355-2392;3470-3495,src_sch_20260630_0068;src_sch_20260630_0076;src_sch_20260630_0091,Codex source-packet review on behalf of Shunyu Hao,pending_human_confirmation
sch_20260630_0069,常州滨湖建设发展集团有限公司,Jiangsu,Changzhou,2015,nominal_exit,doc_sch_20260630_0069_004,1144-1158,doc_sch_20260630_0069_004,3005-3027;3210-3225;3678-3715,src_sch_20260630_0069,Codex source-packet review on behalf of Shunyu Hao,pending_human_confirmation
sch_20260630_0073,如东县东泰社会发展投资有限责任公司,Jiangsu,Nantong,2015,nominal_exit,doc_sch_20260630_0073_003,1138-1145;1300-1307,doc_sch_20260630_0073_002,62-66;3683-3743;4997-5004,src_sch_20260630_0073,Codex source-packet review on behalf of Shunyu Hao,pending_human_confirmation
sch_20260630_0117,伊犁州国有资产投资经营有限责任公司,Xinjiang,Yili,2015,nominal_exit,doc_sch_20260630_0117_005,4937-4959;4979-4983;5050-5066;3261-3288;3296-3306;3338-3345;4804-4812;4822-4829;4882-4884;4915-4921;5021-5026;5055-5059;5556-5565;5879-5900,doc_sch_20260630_0169_002,3880-3892;3902-3910;4023-4060;4097-4102;4125-4144;4633-4638;4988-5004,src_sch_20260630_0117;src_sch_20260630_0169,Codex source-packet review on behalf of Shunyu Hao,pending_human_confirmation
sch_20260630_0132,日照城投集团有限公司,Shandong,Rizhao,2015,nominal_exit,doc_sch_20260630_0132_009,1240-1245;1289-1292,doc_sch_20260630_0132_002,163-168;505-521,src_sch_20260630_0132,Codex source-packet review on behalf of Shunyu Hao,pending_human_confirmation
sch_20260630_0137,海安开发区建设投资有限公司,Jiangsu,Nantong,2015,nominal_exit,doc_sch_20260630_0137_006,1053-1071,doc_sch_20260630_0137_006,1842-1847;2260-2304;6466-6474;7023-7028,src_sch_20260630_0137,Codex source-packet review on behalf of Shunyu Hao,pending_human_confirmation
sch_20260630_0142,江苏高淳国际慢城文化旅游产业投资集团有限公司,Jiangsu,Gaochun,2015,nominal_exit,doc_sch_20260630_0142_003,890-898;2931-2938;160-172;365-385;392-395;424-435;499-528;5420-5435,doc_sch_20260630_0142_006;doc_sch_20260630_0142_005,676-703;170-175;190-213;120-132;973-976;1288-1292;1353-1388;1960-1986;2206-2210,src_sch_20260630_0142,Codex source-packet review on behalf of Shunyu Hao,pending_human_confirmation
sch_20260630_0151,石家庄市交通投资开发有限公司,Hebei,Shijiazhuang,2015,nominal_exit,doc_sch_20260630_0151_001,950-1006;1058-1130,doc_sch_20260630_0151_001;doc_sch_20260630_0151_006,480-530;2554-2601;4218-4235;5355-5377;5645-5690;6398-6475;173-220,src_sch_20260630_0151,Codex source-packet review on behalf of Shunyu Hao,pending_human_confirmation
sch_20260630_0155,昆明市交通投资集团有限责任公司,Yunnan,Kunming,2015,nominal_exit,doc_sch_20260630_0155_003,216-234;243-246;1047-1058;1335-1354;1418-1425;9973-9985;10005-10013;10392-10417;10693-10697,doc_sch_20260630_0155_005,597-611;620-632,src_sch_20260630_0155,Codex source-packet review on behalf of Shunyu Hao,pending_human_confirmation
sch_20260630_0175,青岛上合控股发展集团有限公司,Shandong,Qingdao,2015,nominal_exit,doc_sch_20260630_0175_001,1372-1375,doc_sch_20260630_0175_001,216-220;466-467;745-757,src_sch_20260630_0175,Codex source-packet review on behalf of Shunyu Hao,pending_human_confirmation
